iter	PairLogit	AverageGain:top=10	MAP:top=5	RecallAt:top=10	PrecisionAt:top=10
0	0.6909564056	0.1632107721	0.04049635929	0.5049319526	0.04038110325
5	0.6813475991	0.2370101718	0.07068839976	0.5539847704	0.0529874064
10	0.6735478864	0.243988661	0.075664221	0.5591903372	0.05573878209
15	0.6673884448	0.2444263799	0.07784822967	0.564005834	0.05608895718
20	0.6625557236	0.2492788061	0.0823040687	0.568768145	0.05839010775
25	0.6583894617	0.2501792563	0.08438038464	0.5677768666	0.05849015778
30	0.6549463726	0.2510421878	0.08548774387	0.5706512618	0.059390608
35	0.6519962712	0.2531682508	0.08565282641	0.5734015718	0.06039110825
40	0.6495398548	0.2538435885	0.08622616864	0.5755096623	0.06079130835
45	0.6471924877	0.2562823078	0.08975376577	0.5806265826	0.06214198369
50	0.6451014154	0.2574704019	0.08987618809	0.5825690392	0.06309245893
55	0.6433509718	0.2585834584	0.09090892669	0.5846300482	0.06414298419
60	0.6417272423	0.2596715024	0.09045481074	0.5869643864	0.06469325933
65	0.6402222079	0.2602968151	0.09242579623	0.587668021	0.06519350945
70	0.638844701	0.2615474404	0.09386943472	0.5905138305	0.0661940097
75	0.6376822323	0.2622227781	0.09535073092	0.5920875079	0.06654418479
80	0.6364346548	0.2634483909	0.09715371575	0.5949828075	0.0677948101
85	0.6352961653	0.2641362348	0.09767828359	0.5962329465	0.06809496018
90	0.6343975841	0.2651492413	0.09814365516	0.5981463352	0.06874528534
95	0.6334004131	0.2659871602	0.09910038353	0.6002164063	0.06889536038
100	0.6324919923	0.2665749541	0.1004681507	0.5998674509	0.06924553547
105	0.6314735151	0.2667250292	0.1011104163	0.6010453297	0.06959571055
110	0.6307117587	0.2672627981	0.1019915513	0.6006173784	0.06974578559
115	0.6299689068	0.2673503418	0.1026347896	0.6015979603	0.06989586063
120	0.6293392879	0.267900617	0.1033819688	0.6029626793	0.06999591065
125	0.6286801502	0.2682007671	0.103361264	0.6038898033	0.07034608574
130	0.6279783612	0.2683508421	0.1050714246	0.6044892914	0.07054618579
135	0.6273576909	0.2689511422	0.105263743	0.6055324411	0.07084633587
140	0.626833751	0.2686634984	0.1064983881	0.6041696827	0.07049616078
145	0.6261832133	0.2690636985	0.1065264577	0.6061617682	0.07109646093
150	0.6255797042	0.2697640487	0.1068388361	0.6080682039	0.07154668604
155	0.6250595606	0.2702142738	0.1068480073	0.6076300068	0.07184683612
160	0.6244346678	0.2704769051	0.1074751265	0.607667309	0.07174678609
165	0.6239357918	0.2705519426	0.1080619476	0.6076474027	0.0717968111
170	0.6233255035	0.2707895614	0.1085070313	0.6089544207	0.07209696118
175	0.6227288899	0.2712647991	0.1092537936	0.6105311099	0.07254718629
180	0.6221714798	0.2715149241	0.1094234617	0.611055777	0.07274728634
185	0.6216492444	0.2717775554	0.1095977155	0.6108249835	0.07304743642
190	0.6211690791	0.2721777555	0.1099795731	0.6106379853	0.0729974114
195	0.6206588139	0.2721902618	0.110477183	0.6104549392	0.07284733637
200	0.6203456121	0.2725904619	0.1104995553	0.6103742712	0.07309746143
205	0.6199290556	0.2725779556	0.110730921	0.6114973625	0.07329756148
210	0.6194813146	0.2728030682	0.1117896448	0.612368433	0.07369776158
215	0.619077077	0.2732407871	0.1119789061	0.6135753857	0.07394788664
220	0.6186103928	0.2734283809	0.1125508588	0.6129873752	0.07404793667
225	0.6181057834	0.2738410872	0.1125421044	0.6138416244	0.07434808674
230	0.6177658907	0.2741037185	0.1136079151	0.6141038036	0.07434808674
235	0.6174395952	0.2744163749	0.1134219888	0.6140952019	0.07439811175
240	0.6170759945	0.2748666	0.1131229504	0.6150929424	0.07469826183
245	0.6167375351	0.2750667	0.1133437552	0.6160526206	0.07494838689
250	0.6163598722	0.2748666	0.1140909344	0.6147079312	0.07479831185
255	0.6159935598	0.27496665	0.1144181813	0.6140036288	0.07469826183
260	0.6156077231	0.2752042688	0.1150077817	0.6150460646	0.07494838689
265	0.6152355998	0.2750667	0.1156322606	0.614604177	0.0749984119
270	0.6148701396	0.2753293313	0.1156832583	0.615392865	0.07519851195
275	0.6144891452	0.2755919626	0.1164215441	0.616014821	0.07544863702
280	0.6141861704	0.2756920127	0.1164354399	0.6160940273	0.07549866203
285	0.6138855974	0.2757670502	0.1170272636	0.6171661903	0.07554868704
290	0.613542838	0.275954644	0.1174016175	0.6176232641	0.07564873707
295	0.6131236473	0.2761797565	0.1176613307	0.6172077786	0.07574878709
300	0.6127832898	0.2762547941	0.1176992663	0.6186280744	0.07604893717
305	0.6124347583	0.2765799566	0.1183671002	0.6193319978	0.07624903722
310	0.6120483018	0.2766675004	0.118457979	0.6194296657	0.07629906223
315	0.6117671756	0.2767550442	0.1188159357	0.6192434615	0.07634908724
320	0.611484616	0.2769676505	0.1186519649	0.6198081377	0.07654918729
325	0.6111845466	0.277142738	0.1186159747	0.6212362508	0.07679931235
330	0.6108727007	0.2775054194	0.1189796287	0.6217114884	0.07704943742
335	0.6105415242	0.2775429381	0.1191437385	0.6210247363	0.07684933737
340	0.6102526502	0.2777555444	0.1195543605	0.6203615259	0.07679931235
345	0.6099595538	0.2779931632	0.1199919404	0.6223968509	0.07694938739
350	0.6096286484	0.2779681507	0.1200223723	0.6218428221	0.07704943742
355	0.609337024	0.277980657	0.1198267189	0.6214850043	0.0769994124
360	0.6090701149	0.2784308821	0.1200051415	0.623398461	0.07749966253
365	0.6087788779	0.2784058696	0.1206378189	0.6242391592	0.07749966253
370	0.6084775301	0.2785059196	0.1210357957	0.6241978506	0.07754968754
375	0.608105833	0.2787435384	0.1211291757	0.6256954429	0.07794988764
380	0.6078184311	0.2786434884	0.121335112	0.6251705592	0.07774978759
385	0.6075214996	0.2786434884	0.1213531766	0.6245591424	0.07774978759
390	0.6071981095	0.2786935134	0.1216644433	0.6243970664	0.07784983762
395	0.6069029986	0.2790812073	0.1220119782	0.624939004	0.07809996268
400	0.6066115292	0.2792062698	0.1218466178	0.6251742407	0.07814998769
405	0.6063794074	0.2792312823	0.1220111445	0.6259154843	0.07825003772
410	0.606111491	0.2792938136	0.1229082597	0.6259116043	0.07814998769
415	0.6057930595	0.2794563949	0.1229154855	0.6259262581	0.07825003772
420	0.6055023648	0.279118726	0.1226823134	0.6255287379	0.07809996268
425	0.6051714207	0.2794063699	0.1234921627	0.6267600083	0.0782000127
430	0.6048440406	0.2793688511	0.123277611	0.626213523	0.07809996268
435	0.6045175127	0.2799691512	0.1234439442	0.6284375517	0.07870026283
440	0.6042263145	0.279956645	0.1236596076	0.6279706515	0.07855018779
445	0.6039354649	0.2801942638	0.1237479851	0.6288405309	0.07865023782
450	0.6035715929	0.2802693013	0.1241212273	0.6291823685	0.07865023782
455	0.6032908928	0.2803693513	0.1237831416	0.6304996938	0.07890036288
460	0.6030165071	0.2806820077	0.1237572953	0.6310583065	0.07905043792
465	0.6027980988	0.2805194264	0.1239978322	0.6306683388	0.07905043792
470	0.602486524	0.2810571953	0.1242066867	0.6303452606	0.07905043792
475	0.6021534493	0.2813323328	0.1241562448	0.6307746419	0.07930056298
480	0.6018220791	0.2814949141	0.1241429048	0.631822785	0.07950066303
485	0.6015351808	0.2814699016	0.1244010894	0.631733993	0.07945063802
490	0.6012661798	0.2813948641	0.1248210216	0.6312932784	0.07935058799
495	0.6009816446	0.2816700017	0.1246979045	0.6327571056	0.07960071305
500	0.6007031913	0.2817200267	0.1250491913	0.6325186927	0.07975078809
505	0.6004552254	0.281982658	0.1246248124	0.631801478	0.07965073807
510	0.6002167116	0.2821077205	0.1247158301	0.63268168	0.0798008131
515	0.5999551097	0.282182758	0.1250951865	0.6317812298	0.07975078809
520	0.5996868447	0.2822953143	0.1252420655	0.6312997391	0.07970076308
525	0.5994388787	0.2823328331	0.1256613029	0.6325587019	0.0798008131
530	0.5991712336	0.2825954644	0.1262389528	0.6326212332	0.07995088814
535	0.5989271027	0.282820577	0.1261808682	0.6334485578	0.07995088814
540	0.5986971115	0.2827955644	0.1259229615	0.6338786079	0.08005093817
545	0.5983788737	0.2830081708	0.1263301095	0.6340193103	0.08020101321
550	0.5981479527	0.2832082708	0.1263609583	0.6340898	0.08030106323
555	0.5978903409	0.2832082708	0.1259176811	0.6347826383	0.08045113827
560	0.5976526019	0.2834583959	0.1264026458	0.6351203072	0.08040111326
565	0.5973863513	0.2835459396	0.1271688622	0.6351645203	0.08050116328
570	0.5971153359	0.2833208271	0.1270646434	0.6341060365	0.08030106323
575	0.5968723672	0.2836710022	0.1273924462	0.6346965193	0.08050116328
580	0.5966207598	0.2837585459	0.1280202601	0.6348999941	0.08070126333
585	0.5964070776	0.2840461898	0.1276705019	0.6354050446	0.08085133837
590	0.5961297865	0.2840712023	0.1282270302	0.6357223218	0.08090136338
595	0.5958719422	0.2841462398	0.1276795342	0.6342896249	0.08050116328
600	0.5955832232	0.2839961647	0.1280986326	0.6351100567	0.08045113827
605	0.5953084501	0.284108721	0.1286487688	0.6344114381	0.08040111326
610	0.5950971696	0.2843213273	0.1290422989	0.6356384405	0.08070126333
615	0.5948614064	0.2845714524	0.1293499528	0.6359016673	0.08090136338
620	0.5946439665	0.2847215274	0.1291331777	0.6369271801	0.08120151346
625	0.5943985185	0.2847340337	0.1293349453	0.6366395363	0.08110146343
630	0.5941507075	0.2847215274	0.1293649603	0.6361107004	0.08105143842
635	0.5939455865	0.2848340837	0.1293927519	0.6367777006	0.08110146343
640	0.5937404655	0.2849216275	0.129532822	0.6368923412	0.08110146343
645	0.5935153166	0.28514674	0.130030154	0.6370053577	0.08125153847
650	0.5932627407	0.2850842088	0.1302762492	0.6366510139	0.08125153847
655	0.5929647245	0.2851717525	0.1302133011	0.6363472906	0.08130156348
660	0.5927590998	0.2852968151	0.1303501751	0.6367726445	0.08140161351
665	0.5924929267	0.2852217776	0.1303683786	0.6369588848	0.08150166353
670	0.5923027975	0.2855219276	0.1307360625	0.6371762554	0.08160171356
675	0.5920349974	0.2856594964	0.130467317	0.6375097555	0.08175178859
680	0.5917685531	0.2855719526	0.1305229003	0.6369650387	0.08160171356
685	0.5915792375	0.2857345339	0.1301871769	0.6375263312	0.08185183862
690	0.5913951515	0.2861722528	0.1305152576	0.6385825141	0.08215198869
695	0.5911641143	0.2862848091	0.1306403202	0.6387611748	0.08220201371
700	0.5909684068	0.2861097215	0.1309775721	0.6378482184	0.08180181361
705	0.5907704911	0.2863723528	0.131518676	0.638568519	0.08220201371
710	0.5905493711	0.2866725029	0.1314958868	0.6390090198	0.08245213877
715	0.5903604428	0.2866099717	0.13177561	0.6395259449	0.08260221381
720	0.5901212705	0.2865849591	0.1320000278	0.639162668	0.08250216378
725	0.5898604433	0.2868851092	0.1318899728	0.6395497663	0.08265223882
730	0.5896116639	0.2870101718	0.1326566061	0.6396402878	0.08265223882
735	0.5893798519	0.2872227781	0.1325093102	0.6390041743	0.08270226383
740	0.5891375418	0.2874228781	0.1326812017	0.6384248803	0.08255218879
745	0.5889471802	0.2873478406	0.132603385	0.6394088708	0.08270226383
750	0.5887375655	0.2875854594	0.132657023	0.6397419919	0.08290236388
755	0.5885438336	0.2875729531	0.1330588906	0.6395796244	0.08280231386
760	0.5882993154	0.2875729531	0.1328849147	0.6391240061	0.08280231386
765	0.5880752899	0.2876855094	0.1330619476	0.6396244728	0.08290236388
770	0.587846887	0.2878981157	0.1328284976	0.6397546661	0.08315248894
775	0.5876309579	0.288060697	0.1328393363	0.6406095053	0.08340261401
780	0.5874430755	0.2881857595	0.1328029292	0.6409977947	0.08345263902
785	0.5871604772	0.2882107721	0.1327801401	0.6403941198	0.08345263902
790	0.5869717427	0.2882858096	0.1326320104	0.6407848725	0.08350266403
795	0.5867192443	0.2883983658	0.1330459674	0.6407469748	0.08360271406
800	0.586505717	0.2883608471	0.1329617587	0.6406475203	0.08355268904
805	0.5862908338	0.2886234784	0.1334864655	0.6405899157	0.08355268904
810	0.58606952	0.2888736035	0.1337146351	0.6417603603	0.08370276408
815	0.58590368	0.2888736035	0.1340773164	0.6418776808	0.08370276408
820	0.5856855428	0.2889736535	0.134078706	0.6421184939	0.08380281411
825	0.585491501	0.2890862098	0.1341092769	0.6424095485	0.08405293917
830	0.5852346639	0.289198766	0.1348024012	0.6421392324	0.08385283912
835	0.5850419005	0.2892738036	0.1347145795	0.6421943796	0.08420301421
840	0.5848053624	0.2893488411	0.1350008338	0.6423319484	0.08430306423
845	0.5846119405	0.2893988661	0.1352480407	0.6424403359	0.08420301421
850	0.5844072455	0.2897240287	0.135223584	0.6435101016	0.08435308924
855	0.5842024732	0.2900116725	0.1348528431	0.6436830027	0.08440311426
860	0.5840085089	0.2899991662	0.134699433	0.6441370176	0.08465323932
865	0.5838301562	0.2899616475	0.1348559002	0.6428028007	0.08425303922
870	0.5836135298	0.29008671	0.1353082097	0.6432768472	0.08440311426
875	0.5834136385	0.2900616975	0.1352428992	0.6420510206	0.08425303922
880	0.5831868238	0.2901242288	0.135223723	0.6429014459	0.08435308924
885	0.5829541984	0.2903493413	0.1352988994	0.6422786236	0.08430306423
890	0.5827527575	0.2906619977	0.1351806459	0.6428211568	0.08455318929
895	0.5825684391	0.290824579	0.1353230782	0.6432959402	0.08475328934
900	0.5823883045	0.2908370852	0.135413957	0.6427794693	0.08460321431
905	0.5821930231	0.2910621978	0.1355565283	0.6436613496	0.08480331436
910	0.5819819751	0.291074704	0.1356335112	0.6437447246	0.08485333937
915	0.5818119125	0.2910621978	0.1355548608	0.6437989184	0.08480331436
920	0.5816142293	0.2913123228	0.1359158746	0.6434034826	0.08480331436
925	0.5814199163	0.2912497916	0.1357406481	0.6436655184	0.08480331436
930	0.5812037161	0.2912998166	0.1361394586	0.6435863121	0.08485333937
935	0.5809901113	0.2913248291	0.1358851648	0.6431444245	0.08490336438
940	0.5807823948	0.2914248791	0.1357770552	0.6442547019	0.08510346443
945	0.5805733224	0.2915624479	0.1361330665	0.6441991185	0.08505343942
950	0.5803749806	0.2919251292	0.1366897338	0.6444755725	0.08520351446
955	0.5802033685	0.2919001167	0.1367686621	0.6442421225	0.08515348944
960	0.5799968141	0.2917750542	0.13676227	0.6440079145	0.08510346443
965	0.5798177255	0.291812573	0.1370868768	0.6440940686	0.08520351446
970	0.5796634295	0.2919751542	0.1374812406	0.6445081465	0.08530356448
975	0.5794501346	0.2921252293	0.1375282085	0.6442840446	0.08525353947
980	0.5792718982	0.2925254294	0.1381326774	0.6450962562	0.08555368954
985	0.5790927321	0.2926254794	0.137857123	0.6443460615	0.08540361451
990	0.5789050822	0.2926504919	0.1378116836	0.6448463116	0.08555368954
995	0.5787304097	0.2927880607	0.1382199433	0.6459087476	0.08580381461
1000	0.5785529868	0.2929256295	0.1381693625	0.6457935049	0.08580381461
1005	0.5783826918	0.2930256795	0.1385412151	0.6465859494	0.08615398969
1010	0.5781999617	0.2931757545	0.1388013451	0.6457438616	0.08620401471
1015	0.5780194397	0.2931757545	0.1392900617	0.6463570383	0.08610396468
1020	0.5778228411	0.2932257796	0.1389444722	0.6459248778	0.08605393967
1025	0.5776382516	0.2933883608	0.1388277472	0.6464540954	0.08620401471
1030	0.5774929817	0.2935384359	0.1384797955	0.6465060153	0.08640411476
1035	0.5773037048	0.2936134734	0.1385728976	0.6465839733	0.08645413977
1040	0.5771347656	0.2937260297	0.1387731366	0.6461670982	0.08640411476
1045	0.5769694292	0.2936885109	0.1384950809	0.6456807439	0.08635408974
1050	0.5767925099	0.2939011172	0.1389982491	0.6461412916	0.08645413977
1055	0.5766222923	0.2939511422	0.139165416	0.6462284564	0.08635408974
1060	0.5764340226	0.2939011172	0.1389961647	0.6457698938	0.08615398969
1065	0.5762514475	0.293888611	0.1390661998	0.6453242164	0.08615398969
1070	0.5760846389	0.2940636985	0.1391305375	0.6453842663	0.08620401471
1075	0.5758496504	0.2941012173	0.1393234117	0.6452244641	0.08620401471
1080	0.5756621942	0.2941762548	0.1389290479	0.6451657227	0.08625403972
1085	0.5755018938	0.2944889111	0.1390424379	0.6459510179	0.08645413977
1090	0.5753388429	0.2945764549	0.13919557	0.6466174225	0.08655418979
1095	0.5751614587	0.2946639987	0.1394834917	0.6459837724	0.08650416478
1100	0.5749802394	0.2947890612	0.139485993	0.645671116	0.08640411476
1105	0.5747995625	0.29482658	0.1394618142	0.6458221656	0.08635408974
1110	0.5746105954	0.294876605	0.1391608304	0.645870437	0.08635408974
1115	0.5744490166	0.2946639987	0.1392678284	0.6462157535	0.08635408974
1120	0.5742855009	0.2946389862	0.1395667278	0.6461262427	0.08650416478
1125	0.5740923501	0.2948515925	0.1392920071	0.647080649	0.08675428984
1130	0.5739042353	0.2948390862	0.1392767217	0.6461129032	0.08645413977
1135	0.5737255728	0.2951517425	0.1395792341	0.6466894902	0.08670426483
1140	0.573569766	0.2952517926	0.1396645545	0.6466709474	0.08675428984
1145	0.5734071025	0.2955394364	0.1394210994	0.6464327331	0.08665423982
1150	0.5732345607	0.2956394864	0.1394644544	0.6463702018	0.08660421481
1155	0.5730819692	0.2957270302	0.1398468679	0.646726149	0.08670426483
1160	0.5728896707	0.295914624	0.1396242566	0.6479645057	0.08685433987
1165	0.57267471	0.2959771552	0.1401303429	0.648093358	0.08695438989
1170	0.5725134411	0.2962522928	0.139782947	0.648200777	0.08705443992
1175	0.57236821	0.2962272803	0.140303763	0.648312424	0.08705443992
1180	0.5721921817	0.2961772553	0.1399969429	0.6478495032	0.08700441491
1185	0.5720127831	0.2962022678	0.1402455394	0.6483354935	0.08715448994
1190	0.5718651115	0.2962522928	0.1404232672	0.6480436809	0.08700441491
1195	0.5717250326	0.2962022678	0.1410152298	0.6476631002	0.08695438989
1200	0.5715514448	0.2963023178	0.1410769274	0.6477689223	0.08695438989
1205	0.5713604634	0.2963398366	0.1412019899	0.6469073804	0.08690436488
1210	0.5712241809	0.2963023178	0.1413487299	0.646949068	0.08680431486
1215	0.5710786786	0.2965024179	0.1413295537	0.6474243056	0.08695438989
1220	0.5709069115	0.2966900117	0.1415371575	0.6486125259	0.08740461501
1225	0.5707604408	0.2968650992	0.1411608582	0.648695901	0.08730456498
1230	0.5705483081	0.2968150742	0.1415479962	0.6478310746	0.08715448994
1235	0.570329551	0.2971402368	0.1413264966	0.6484666928	0.08720451496
1240	0.5701183481	0.2972652993	0.1416105275	0.6489169179	0.08745464002
1245	0.5699554134	0.2971902618	0.14148213	0.6487084804	0.08735458999
1250	0.5697694292	0.2972903118	0.1420029459	0.6488473485	0.08745464002
1255	0.5695641533	0.2974904119	0.1420896559	0.6494226361	0.08745464002
1260	0.5694137699	0.2974779056	0.1420565838	0.64871424	0.08740461501
1265	0.5692552902	0.2974278806	0.1422470958	0.6494752265	0.08750466503
1270	0.5691057591	0.2975404369	0.1417572675	0.6494796405	0.08755469004
1275	0.5689578163	0.2975154244	0.1423008727	0.6492144438	0.08740461501
1280	0.5687846159	0.2973903618	0.1421809516	0.6490823098	0.08745464002
1285	0.5686297776	0.2975029181	0.1423318604	0.6493503343	0.08755469004
1290	0.5684773023	0.2976029682	0.14260005	0.6488000591	0.08750466503
1295	0.5683342406	0.2975779556	0.1427620755	0.6485191494	0.08745464002
1300	0.5681615825	0.2978030682	0.1431806181	0.6486872891	0.08755469004
1305	0.567994619	0.2979656495	0.1432906731	0.6486766777	0.08760471506
1310	0.5678312195	0.2980031683	0.1430826524	0.6489337507	0.08765474007
1315	0.5676717326	0.298190762	0.14315769	0.6487308715	0.08765474007
1320	0.5674808674	0.2982908121	0.1433564004	0.6487962964	0.08760471506
1325	0.5673491948	0.2982657996	0.1432588516	0.6488804835	0.08765474007
1330	0.567184052	0.2983283308	0.1432232783	0.6490533722	0.08775479009
1335	0.5670237516	0.298190762	0.1431853427	0.6493034972	0.08780481511
1340	0.566894597	0.2982783058	0.1429764882	0.6493347629	0.08785484012
1345	0.566760174	0.2984658996	0.143141015	0.6493426122	0.08800491516
1350	0.5665938303	0.2986284809	0.1425769829	0.6497594873	0.08810496518
1355	0.5664385271	0.2986034684	0.1425579456	0.6509406306	0.08810496518
1360	0.5662872141	0.2987660497	0.1429714857	0.6510101098	0.08830506523
1365	0.566150273	0.298928631	0.1431382358	0.6510517973	0.08830506523
1370	0.5660020978	0.2989661497	0.142857262	0.6512198911	0.08830506523
1375	0.5658504748	0.2992537936	0.1431115558	0.6514885861	0.08845514027
1380	0.5657072968	0.2993413373	0.1432716358	0.6518066356	0.08855519029
1385	0.5655438198	0.2994038686	0.1436326497	0.6516267837	0.08860521531
1390	0.5653689924	0.2994413874	0.143574843	0.6520714505	0.08860521531
1395	0.5652100478	0.2996664999	0.1441731977	0.6522058278	0.08875529034
1400	0.5650784527	0.2997790562	0.1440384081	0.6521032124	0.08865524032
1405	0.5649198955	0.2998040687	0.1438655439	0.6530899695	0.08890536538
1410	0.564772495	0.2997415374	0.1441832027	0.6525445045	0.08875529034
1415	0.5646290846	0.2998540937	0.1445247624	0.6529494689	0.08895539039
1420	0.5644707599	0.2999541437	0.1446000778	0.6529949462	0.08905544042
1425	0.5643297125	0.3001917625	0.1448090712	0.6529699337	0.08925554047
1430	0.5641763463	0.3001042188	0.1447936468	0.6528236484	0.08920551546
1435	0.5639987297	0.3002793063	0.1444812684	0.6535906986	0.08940561551
1440	0.5638161545	0.3002793063	0.1447975377	0.6536670771	0.08945564052
1445	0.5636582172	0.3003293313	0.1450019454	0.6531689113	0.08935559049
1450	0.5635089572	0.3003668501	0.1451395142	0.6533439989	0.08940561551
1455	0.5633228956	0.3004043689	0.1451945417	0.653670154	0.08935559049
1460	0.5631528718	0.3003668501	0.1452686065	0.653511146	0.08930556548
1465	0.5630287919	0.3002292813	0.1453990884	0.6532860334	0.08925554047
1470	0.5628717068	0.3003168251	0.145286949	0.653844646	0.08945564052
1475	0.5627065253	0.3006544939	0.1452619365	0.6543337795	0.08960571556
1480	0.5625483942	0.300804569	0.1454684287	0.6544898099	0.08970576558
1485	0.5623968487	0.3007920627	0.1455898783	0.6540729348	0.08960571556
1490	0.5622303888	0.3010421878	0.1458718248	0.6540812723	0.08955569054
1495	0.5620846929	0.3010421878	0.1460010561	0.6542063348	0.08955569054
1500	0.5619314041	0.3009796565	0.1457271691	0.6541002212	0.08950566553
1505	0.5617846622	0.3010421878	0.146088044	0.6544754088	0.08960571556
1510	0.5616445058	0.301104719	0.1458274971	0.6550923839	0.08975579059
1515	0.5614964468	0.3011422378	0.1465928798	0.6548617908	0.08975579059
1520	0.5613539661	0.3010171753	0.1469177644	0.6547561824	0.08960571556
1525	0.5611969198	0.300954644	0.1466645823	0.6543976698	0.08960571556
1530	0.5610179473	0.300954644	0.146685704	0.6539997436	0.08945564052
1535	0.5608701982	0.3010296815	0.146542021	0.6541719106	0.08950566553
1540	0.560726168	0.3011797565	0.1467679673	0.6548111191	0.08965574057
1545	0.5605760558	0.301004669	0.1467946473	0.6541026119	0.08950566553
1550	0.5603877086	0.3011422378	0.1470439386	0.6544950576	0.08970576558
1555	0.5602476297	0.3011797565	0.1469730699	0.6546233268	0.08970576558
1560	0.5600993382	0.3011922628	0.1471098049	0.6544549495	0.08980581561
1565	0.5599273387	0.3014423879	0.1469669557	0.6548301371	0.08985584062
1570	0.5597797833	0.3014423879	0.1470615863	0.6546943219	0.08975579059
1575	0.5596576792	0.3014548941	0.147173031	0.6548610719	0.08980581561
1580	0.5595272462	0.3014048691	0.1469348563	0.6545025594	0.08975579059
1585	0.5593698899	0.3016174754	0.1470214274	0.6549714957	0.08995589064
1590	0.5592169885	0.3018050692	0.1467738036	0.6546546706	0.08985584062
1595	0.559069898	0.3017925629	0.1466609694	0.6550034075	0.08995589064
1600	0.558923156	0.3017300317	0.1467818632	0.6548856719	0.08980581561
1605	0.5587688988	0.301842588	0.14679562	0.6550459793	0.08995589064
1610	0.5586209948	0.3018175755	0.1467974265	0.6548786518	0.09005594067
1615	0.5584640646	0.3019051192	0.1467765827	0.6547234335	0.09005594067
1620	0.5583535045	0.3020802068	0.1471980435	0.6548346002	0.09015599069
1625	0.5582262869	0.302092713	0.1472180535	0.655181202	0.09020601571
1630	0.5580724171	0.3021552443	0.1471471847	0.6546847417	0.09015599069
1635	0.5579486859	0.302192763	0.1472222222	0.6557684004	0.09030606573
1640	0.5577800954	0.3022052693	0.1477085765	0.6554974316	0.09020601571
1645	0.5576619813	0.3022427881	0.1476541048	0.6558011549	0.09030606573
1650	0.5575073367	0.3024178756	0.1481857595	0.6560491144	0.09050616578
1655	0.5573736884	0.3023553443	0.1481147518	0.6558823643	0.09045614077
1660	0.5572039745	0.3022177756	0.1485588628	0.6552528954	0.09010596568
1665	0.5570501434	0.3023803568	0.1478180757	0.6556536785	0.09030606573
1670	0.5569187807	0.3021177255	0.1481153077	0.6554924868	0.09030606573
1675	0.5567898199	0.3024428881	0.1485634484	0.6555254704	0.09035609074
1680	0.5566505545	0.3024679006	0.1484583959	0.6558968682	0.09035609074
1685	0.5565082288	0.3024929131	0.1482532933	0.6561330974	0.09040611576
1690	0.5563492842	0.3026805069	0.14817103	0.6560802932	0.09050616578
1695	0.5562090116	0.3026429882	0.1481751987	0.6560802932	0.09050616578
1700	0.5560750147	0.3026680007	0.1482660775	0.6555800431	0.09035609074
1705	0.5559134746	0.3026554944	0.1484253238	0.6555480095	0.09035609074
1710	0.5557732796	0.3027055194	0.1480666722	0.6552978845	0.09030606573
1715	0.5556477277	0.3027430382	0.1481656106	0.6556730721	0.09040611576
1720	0.5555113677	0.3028180757	0.148828442	0.655573022	0.09035609074
1725	0.5553788041	0.3029056195	0.1484867434	0.6556730721	0.09040611576
1730	0.5552353937	0.3029431382	0.1484310211	0.6560870778	0.09055619079
1735	0.5551164661	0.303030682	0.1484506142	0.6557058265	0.09045614077
1740	0.5549760386	0.3029556445	0.1487735534	0.6562727767	0.09050616578
1745	0.5548499831	0.3028430882	0.1486244511	0.6558894681	0.09050616578
1750	0.5547147078	0.3031057195	0.1485658107	0.656116259	0.09055619079
1755	0.5545728082	0.303180757	0.1493789951	0.6563131648	0.09065624082
1760	0.5544394311	0.3032057696	0.1492685232	0.6565907658	0.09070626583
1765	0.5543231378	0.3033308321	0.1493956701	0.6564010876	0.09065624082
1770	0.5541701977	0.3036810072	0.1494448613	0.6577044053	0.09115649094
1775	0.5540454206	0.3036810072	0.1492975654	0.6574319477	0.09105644092
1780	0.5539054967	0.3037685509	0.1492639375	0.6572937834	0.09105644092
1785	0.553786879	0.3039436385	0.1497932299	0.6580441585	0.09115649094
1790	0.5536124002	0.3038310822	0.1499269079	0.6576689709	0.09110646593
1795	0.5534772799	0.3036935134	0.1497601579	0.6572507794	0.09090636588
1800	0.5533215893	0.303918626	0.1492818632	0.6574647021	0.09105644092
1805	0.5531582285	0.3038435885	0.1492371186	0.6572488845	0.09085634087
1810	0.5530360857	0.303918626	0.1491162248	0.6572466106	0.09090636588
1815	0.552893605	0.303968651	0.1493781613	0.6572466106	0.09090636588
1820	0.5527441126	0.3040937135	0.14934898	0.6574018775	0.09095639089
1825	0.5525984166	0.3042562948	0.1497327831	0.6579301866	0.09120651596
1830	0.5524577954	0.3040561948	0.1500518315	0.6576085972	0.09105644092
1835	0.5523086517	0.3043938636	0.1503378078	0.6584215036	0.09115649094
1840	0.5521698125	0.3043688511	0.1504245178	0.6575460659	0.09105644092
1845	0.5520141219	0.3046189762	0.1507817798	0.6577515258	0.09125654097
1850	0.5518830304	0.3046690012	0.1503658774	0.6577707662	0.09130656598
1855	0.5517539146	0.3046439887	0.150380468	0.6581578645	0.09125654097
1860	0.5516192204	0.3043938636	0.1502587405	0.6575382094	0.09100641591
1865	0.551463801	0.3044563949	0.1503858874	0.6572344861	0.09105644092
1870	0.5513031519	0.3045189261	0.1506210049	0.6574131469	0.09105644092
1875	0.5511502506	0.3047440387	0.1501705019	0.6574093571	0.09115649094
1880	0.5510371338	0.3048691012	0.1501799511	0.6577982296	0.09135659099
1885	0.5509010062	0.3048315825	0.1503719916	0.6578427224	0.09145664102
1890	0.5507649562	0.3049191262	0.150860986	0.6586253477	0.09155669104
1895	0.5506373511	0.3046314824	0.1506125285	0.6583499935	0.09125654097
1900	0.5505264812	0.3049691512	0.150630871	0.6590220999	0.09145664102
1905	0.5503779573	0.3050441888	0.1505191485	0.6587185391	0.09145664102
1910	0.5502543036	0.3050692013	0.1511900395	0.65851806	0.09145664102
1915	0.5501313084	0.3053193263	0.1510841532	0.6586556288	0.09150666603
1920	0.5499912683	0.3052943138	0.1515731477	0.6587803124	0.09165674107
1925	0.5498572327	0.3052943138	0.1516269246	0.6583621208	0.09150666603
1930	0.5497259475	0.3053318326	0.151298427	0.6585705584	0.09160671606
1935	0.5495750605	0.3056319827	0.1515413262	0.6594852103	0.09180681611
1940	0.5494434654	0.3055819576	0.1513128787	0.659789114	0.09190686613
1945	0.5493284891	0.3056194764	0.1513779112	0.6600902747	0.09205694117
1950	0.5491961967	0.3056069702	0.1513626258	0.6599459718	0.09195689114
1955	0.5490360513	0.3055569451	0.1516006614	0.6596336944	0.09180681611
1960	0.5489135597	0.3056069702	0.1515666166	0.6595753319	0.09180681611
1965	0.548771079	0.3058320827	0.1522357012	0.6601714633	0.09210696618
1970	0.5486374308	0.3058570952	0.1520575566	0.6598924022	0.09200691616
1975	0.5484941366	0.305994664	0.152166222	0.6598236178	0.09200691616
1980	0.5483646334	0.3063073203	0.1521759491	0.6607099584	0.09230706623
1985	0.5482019311	0.3061697515	0.1521542716	0.6598714439	0.09205694117
1990	0.548068709	0.3062322828	0.1521056362	0.6596735428	0.09200691616
1995	0.5479387022	0.3063198266	0.1524829081	0.6601025452	0.09215699119
2000	0.547752873	0.3063448391	0.1525710077	0.660557318	0.09220701621
2005	0.5476152734	0.3065824579	0.1525651715	0.6614254288	0.09245714127
2010	0.5474681441	0.3067200267	0.1522900339	0.6614004163	0.09245714127
2015	0.5473249661	0.3064573954	0.1523179645	0.6604535143	0.09230706623
2020	0.5471897296	0.3066950142	0.1522031849	0.6609190248	0.09240711626
2025	0.5470717317	0.3067700517	0.1525876827	0.6607411581	0.09250716628
2030	0.5469296772	0.3069201267	0.1522786393	0.6606180807	0.09245714127
2035	0.5467954091	0.3068701017	0.1524435829	0.6597853411	0.09235709124
2040	0.5466806265	0.3071702518	0.152309766	0.6597728349	0.09230706623
2045	0.5465650692	0.3071452393	0.1524448335	0.6596638518	0.09225704122
2050	0.5464290579	0.307032683	0.1525858763	0.6601095292	0.09240711626
2055	0.5462853763	0.3072077706	0.15266675	0.6598145099	0.09240711626
2060	0.5461474281	0.3074829081	0.1525316825	0.6598214578	0.09255719129
2065	0.5460324131	0.3074954144	0.1529189595	0.6596473448	0.09245714127
2070	0.5459000432	0.3075079206	0.1532337002	0.6596028781	0.09240711626
2075	0.5457582598	0.3073953643	0.1530536101	0.6592092469	0.09235709124
2080	0.5456597862	0.3074954144	0.1529224334	0.6593674457	0.09245714127
2085	0.545529237	0.3076955144	0.1529698182	0.6593636559	0.09240711626
2090	0.5453985717	0.3076204769	0.1528130732	0.6599105563	0.09235709124
2095	0.5452782495	0.3075329331	0.1528622645	0.6587073907	0.09215699119
2100	0.5451441751	0.3076204769	0.1532281418	0.6585656531	0.09215699119
2105	0.545027843	0.3077455394	0.1532018787	0.6597217867	0.09235709124
2110	0.5449072497	0.3076329832	0.1532934523	0.6588810886	0.09210696618
2115	0.5447718194	0.3076329832	0.1534517259	0.6596662034	0.09230706623
2120	0.5446170586	0.3077955644	0.1534789617	0.6596255265	0.09240711626
2125	0.5444337862	0.3077330332	0.1531721416	0.6594573869	0.09230706623
2130	0.5443233036	0.307870602	0.1534019788	0.6590189732	0.09225704122
2135	0.5442190192	0.3078455895	0.1536685009	0.6592802149	0.09225704122
2140	0.5440925763	0.3078831082	0.1535753988	0.6597116807	0.09230706623
2145	0.5439669857	0.3081332333	0.1535396865	0.6605843392	0.09255719129
2150	0.5438488329	0.3080331833	0.1533350008	0.6596094345	0.09255719129
2155	0.5437257603	0.307970652	0.1531799233	0.6599965328	0.09250716628
2160	0.5436139219	0.3082457896	0.1533222167	0.6599532572	0.09270726633
2165	0.543486588	0.3082332833	0.1536507142	0.6598365322	0.09270726633
2170	0.543365491	0.3084583959	0.1537803624	0.6605340546	0.09280731636
2175	0.5432469121	0.3083833583	0.1535027236	0.6604923671	0.09280731636
2180	0.5431328656	0.3083708521	0.1535523317	0.6592518965	0.09255719129
2185	0.5430083209	0.3085584459	0.1536743372	0.6599448466	0.09275729134
2190	0.5428823816	0.3085709521	0.1536893447	0.6605229865	0.09280731636
2195	0.5427632216	0.3088335835	0.1535057807	0.661436905	0.09300741641
2200	0.5426382895	0.3087585459	0.1540778723	0.661235843	0.09285734137
2205	0.5424999539	0.3090211773	0.1541737535	0.661375904	0.09300741641
2210	0.5423690561	0.308958646	0.1544663999	0.6605540645	0.09285734137
2215	0.5422440853	0.3089836585	0.1543663498	0.6600274854	0.09275729134
2220	0.5421279469	0.3089336335	0.1540107554	0.6601823248	0.09280731636
2225	0.542027885	0.3087960647	0.1538640153	0.6603708806	0.09285734137
2230	0.5419184096	0.3090211773	0.1541666667	0.660942595	0.09300741641
2235	0.5417853812	0.3089836585	0.1541916792	0.6621237411	0.09310746643
2240	0.5416157835	0.309158746	0.1548319993	0.6613709838	0.09315749144
2245	0.5415218036	0.3091337335	0.1550544717	0.6622797715	0.09315749144
2250	0.5414185651	0.3091337335	0.1550775388	0.6621991757	0.09315749144
2255	0.541299715	0.3091462398	0.1551288144	0.6617322756	0.09305744142
2260	0.5411776496	0.3093463398	0.1554881607	0.6617044839	0.09310746643
2265	0.5410500058	0.3095089211	0.1556957645	0.6612229244	0.09310746643
2270	0.5409190305	0.3094588961	0.1557291146	0.6617672137	0.09325754147
2275	0.5407689958	0.3095464399	0.1556214218	0.661858659	0.09320751646
2280	0.5406453034	0.3095214274	0.1555369351	0.6629214232	0.09335759149
2285	0.5405217659	0.3094213774	0.1553152965	0.6629825649	0.09330756648
2290	0.5403953618	0.3093463398	0.1554545328	0.6622842991	0.09315749144
2295	0.5402634955	0.3094213774	0.1559067034	0.6620748996	0.09310746643
2300	0.5401562282	0.3095589461	0.1555124785	0.6623151372	0.09315749144
2305	0.540027616	0.3098215775	0.1556914568	0.662411446	0.09325754147
2310	0.5399019479	0.3097215274	0.156004808	0.6622953165	0.09330756648
2315	0.5397714762	0.3097590462	0.1562129676	0.6624540956	0.09335759149
2320	0.5396444522	0.3097340337	0.1564807404	0.662270075	0.09330756648
2325	0.5395321102	0.3096339837	0.1565546662	0.6625202	0.09335759149
2330	0.5394236808	0.3097340337	0.1568129898	0.6624864836	0.09335759149
2335	0.5393008019	0.3100216775	0.1568863598	0.663058198	0.09345764152
2340	0.5391792013	0.3099841587	0.1568072925	0.6631618212	0.09350766653
2345	0.5390447783	0.3099091212	0.1564714302	0.6632515486	0.09340761651
2350	0.5389337146	0.3098590962	0.156532155	0.6627179485	0.09335759149
2355	0.5388235807	0.3097965649	0.156532016	0.6619092108	0.09310746643
2360	0.5387071712	0.3097840587	0.1563929187	0.6622260359	0.09310746643
2365	0.5385837499	0.3098716025	0.1564487799	0.662776311	0.09320751646
2370	0.5384590115	0.3100216775	0.156445306	0.6621893378	0.09320751646
2375	0.538354456	0.3101717525	0.1563333055	0.6624773361	0.09330756648
2380	0.5382483896	0.3099091212	0.1561894836	0.661832783	0.09315749144
2385	0.5381281449	0.309996665	0.1562240843	0.662612935	0.09330756648
2390	0.5379827588	0.3102342838	0.1560273192	0.6636297292	0.09340761651
2395	0.537859725	0.3101217275	0.156281613	0.6631961791	0.09325754147
2400	0.5377323911	0.310096715	0.156341921	0.6626873777	0.09330756648
2405	0.5376048635	0.3102968151	0.1563013451	0.6632710028	0.09335759149
2410	0.5374718738	0.3105094214	0.1559684009	0.6639518988	0.09365774157
2415	0.5373379544	0.3106594964	0.1563002335	0.6646014299	0.09370776658
2420	0.5372304934	0.3105344339	0.1558800233	0.6635512711	0.09360771656
2425	0.5371184613	0.3106594964	0.1563396976	0.6644892401	0.09370776658
2430	0.5370048797	0.3107595464	0.1569975265	0.6644433839	0.09375779159
2435	0.5368817683	0.310884609	0.1569964149	0.6651359921	0.09395789164
2440	0.536775547	0.310984659	0.1567500417	0.6652413839	0.09395789164
2445	0.5366432546	0.3112472903	0.1569512534	0.6654413847	0.09425804172
2450	0.5365311063	0.3112347841	0.1570404647	0.6652031703	0.09415799169
2455	0.536417021	0.3112723028	0.1573175477	0.6656756288	0.09420801671
2460	0.5363078943	0.3113348341	0.1575143127	0.6664051602	0.09430806673
2465	0.5362041523	0.3112097716	0.157773609	0.6667803478	0.09425804172
2470	0.5360958003	0.3113723528	0.1580358235	0.6669258751	0.09445814177
2475	0.5359891529	0.3112723028	0.1581579679	0.6665316123	0.09430806673
2480	0.5358528704	0.3114348841	0.1581319827	0.667100462	0.09455819179
2485	0.5357316185	0.3115599466	0.1582216108	0.666989028	0.09460821681
2490	0.5356236152	0.3117350342	0.1581544939	0.6676986777	0.09485834187
2495	0.535512784	0.3117475404	0.1581836752	0.6675069152	0.09480831686
2500	0.5353841717	0.3119476405	0.1581005781	0.6680016801	0.09490836688
2505	0.5352473082	0.3117850592	0.1583255517	0.667159041	0.09475829184
2510	0.5351361283	0.3120852093	0.1581425435	0.6678197881	0.09505844192
2515	0.535031689	0.3121102218	0.1588815241	0.667880235	0.09505844192
2520	0.5348853732	0.312122728	0.1589043133	0.6680678288	0.09495839189
2525	0.5347538555	0.3121852593	0.158778417	0.6676124729	0.09490836688
2530	0.5346320613	0.3121977655	0.159105525	0.668353915	0.09495839189
2535	0.5345073617	0.3122602968	0.1585791507	0.6680864202	0.09500841691
2540	0.5343938962	0.3122102718	0.1585257907	0.6680099931	0.09500841691
2545	0.5342803146	0.3122352843	0.1587659107	0.6671901387	0.09500841691
2550	0.5341550338	0.3120852093	0.1586725307	0.667656344	0.09485834187
2555	0.5340344018	0.3121852593	0.1589173754	0.668554773	0.09485834187
2560	0.5339149706	0.3122602968	0.1590306264	0.6669769008	0.09480831686
2565	0.5337710178	0.3122102718	0.1590696737	0.6665999446	0.09465824182
2570	0.533662356	0.3122728031	0.1591252571	0.6671904691	0.09480831686
2575	0.5335553986	0.3122978156	0.1591016342	0.6675898751	0.09490836688
2580	0.5334414296	0.3122602968	0.1590238175	0.6672674917	0.09480831686
2585	0.5333331939	0.3122102718	0.15915555	0.6675851108	0.09480831686
2590	0.5332170942	0.3122728031	0.1590660608	0.6679635052	0.09485834187
2595	0.5331091297	0.3123728531	0.1589079262	0.6671535917	0.09480831686
2600	0.5329884588	0.3123478406	0.1588887499	0.6674284134	0.09475829184
2605	0.5328637592	0.3124603969	0.1589674004	0.6674909447	0.09470826683
2610	0.5327447541	0.3126855094	0.1589007004	0.6680898552	0.09485834187
2615	0.5326142824	0.3126479907	0.1591527708	0.667089355	0.09475829184
2620	0.5324897765	0.3126730032	0.1590272914	0.6667516862	0.09480831686
2625	0.5323749552	0.3127980657	0.1587675782	0.6673457332	0.09490836688
2630	0.532290505	0.3127105219	0.1589205714	0.6665292535	0.09490836688
2635	0.5321702216	0.3130857095	0.1589405814	0.6676712775	0.09505844192
2640	0.5320588867	0.313060697	0.159098716	0.6684135318	0.09525854197
2645	0.5319377511	0.3132858096	0.1591829248	0.6687762131	0.09540861701
2650	0.5318251379	0.3131857595	0.1594872436	0.6681203296	0.09525854197
2655	0.5317223256	0.3131857595	0.1596844255	0.668060776	0.09525854197
2660	0.5316244718	0.3131732533	0.159813101	0.6676153152	0.09515849194
2665	0.531509573	0.3132482908	0.1597319493	0.6684413234	0.09540861701
2670	0.5313858806	0.3133608471	0.1598506198	0.6678198006	0.09535859199
2675	0.5312791557	0.3133483408	0.1599556723	0.6678402653	0.09540861701
2680	0.5311690992	0.3135359346	0.159696376	0.6683190762	0.09545864202
2685	0.531059159	0.3135109221	0.1600632261	0.6681189761	0.09545864202
2690	0.5309368612	0.3134108721	0.1597149964	0.6677870794	0.09530856698
2695	0.5308203741	0.3134483909	0.1603114057	0.6678391888	0.09525854197
2700	0.5307081483	0.3135109221	0.1600746206	0.6676160461	0.09525854197
2705	0.5306109143	0.3136109722	0.1596919293	0.6678661711	0.09535859199
2710	0.5304828832	0.3137235284	0.1598047635	0.6681975869	0.09550866703
2715	0.5303622511	0.3137110222	0.1598376966	0.6680509126	0.09545864202
2720	0.5302394497	0.313848591	0.1600796231	0.6686057355	0.09550866703
2725	0.530138768	0.3138736035	0.1601953755	0.6686608913	0.09555869204
2730	0.5300240629	0.3139361347	0.1604225724	0.6684913621	0.09565874207
2735	0.5299167569	0.3140611973	0.160774276	0.6685749537	0.09575879209
2740	0.529820104	0.3140862098	0.1605886276	0.6681691952	0.09560871706
2745	0.5297084593	0.3142612973	0.1604453616	0.6687694954	0.09575879209
2750	0.5295889119	0.3142487911	0.1605633372	0.6691964765	0.09585884212
2755	0.5294781969	0.3143988661	0.1604431382	0.6693551056	0.09595889214
2760	0.5293598116	0.3143238286	0.1602731922	0.6689938139	0.09580881711
2765	0.5292388697	0.3144113724	0.1601553555	0.6688381805	0.09585884212
2770	0.5291470591	0.3144113724	0.1599191262	0.6686560719	0.09595889214
2775	0.5290350657	0.3145239286	0.1603385026	0.6689124501	0.09605894217
2780	0.5289253579	0.3144864099	0.1606872881	0.6688675559	0.09610896718
2785	0.5288330825	0.3144613974	0.1607018787	0.6688811845	0.09600891716
2790	0.528731781	0.3145489411	0.1604948307	0.6691281028	0.09610896718
2795	0.5286173471	0.3146114724	0.1604552276	0.6693365404	0.09615899219
2800	0.5284908655	0.3145989661	0.1606314268	0.6698367905	0.09615899219
2805	0.5283743397	0.3145989661	0.1602267801	0.6699201655	0.09620901721
2810	0.5282578914	0.3146364849	0.1609388027	0.6700869155	0.09630906723
2815	0.5281267224	0.3146865099	0.1610638653	0.6697400006	0.09630906723
2820	0.5280080273	0.3148240787	0.1611225057	0.6703752128	0.09635909224
2825	0.5278873177	0.3148741037	0.1612534045	0.6705355202	0.09645914227
2830	0.527748246	0.3150616975	0.1609261575	0.6706883744	0.09655919229
2835	0.5276465959	0.3150992163	0.1610110611	0.6705883244	0.09650916728
2840	0.5275292953	0.3151992663	0.1610702574	0.6703802658	0.09645914227
2845	0.5274280713	0.3152367851	0.161301762	0.670639739	0.09665924232
2850	0.5273185959	0.31518676	0.1614476683	0.6705570587	0.09660921731
2855	0.5272339908	0.3152743038	0.1617140515	0.6708585984	0.09680931736
2860	0.5271290091	0.3153493413	0.161899144	0.6709040757	0.09685934237
2865	0.5270357652	0.3152492913	0.1618416153	0.67065294	0.09675929234
2870	0.5269205178	0.3153243288	0.1617782502	0.6708822213	0.09675929234
2875	0.5268053866	0.3152117726	0.1621117503	0.6704382493	0.09665924232
2880	0.5266934707	0.3154118726	0.1620809016	0.6709885245	0.09685934237
2885	0.5265863197	0.3152868101	0.1621342616	0.6709628172	0.09680931736
2890	0.5264782776	0.3152617976	0.1620834028	0.6704507556	0.09655919229
2895	0.5263851112	0.31518676	0.1621330109	0.6708772846	0.09660921731
2900	0.5262886908	0.3154368851	0.162413151	0.6709227619	0.09665924232
2905	0.5261904109	0.3154744039	0.1619770997	0.6707309994	0.09665924232
2910	0.5260871724	0.3154618976	0.1621371797	0.6706809744	0.09660921731
2915	0.5259818034	0.3155619476	0.1622134678	0.6709191887	0.09670926733
2920	0.525875001	0.3156995164	0.1619833528	0.6705288837	0.09675929234
2925	0.5257718788	0.3156369852	0.1623461731	0.6703323568	0.09670926733
2930	0.5256760007	0.3157620477	0.1623545106	0.6703879402	0.09675929234
2935	0.5255578091	0.3155619476	0.1627038519	0.6698876901	0.09660921731
2940	0.5254463193	0.3157370352	0.1627467901	0.6698626775	0.09670926733
2945	0.5253450953	0.3158871102	0.1627852815	0.6700294276	0.09675929234
2950	0.5252520839	0.3160997165	0.163010811	0.6711605487	0.09705944242
2955	0.5251428797	0.3159496415	0.1627948697	0.6709139969	0.09695939239
2960	0.5250276323	0.3162122728	0.1626188094	0.6708806468	0.09700941741
2965	0.5249266019	0.3163248291	0.1625283475	0.6708681406	0.09705944242
2970	0.5248187923	0.3163623478	0.1624237119	0.6710918636	0.09715949244
2975	0.5246753432	0.3161497415	0.1624954144	0.6707917135	0.09700941741
2980	0.524589266	0.3161622478	0.1624537269	0.6709632278	0.09710946743
2985	0.5244682465	0.3161872603	0.1626755044	0.6710972234	0.09715949244
2990	0.5243560207	0.3163373353	0.1623803568	0.6710720429	0.09710946743
2995	0.5242453832	0.3164373854	0.1626778667	0.6717733551	0.09725954247
3000	0.5241553159	0.3164498916	0.1628885276	0.6715931368	0.09720951746
3005	0.5240356135	0.3165624479	0.1631806181	0.6710841993	0.09730956748
3010	0.5239258282	0.3168250792	0.1631280918	0.6716066828	0.09745964252
3015	0.5238093799	0.316912623	0.1628982547	0.6718731039	0.09755969254
3020	0.5237049793	0.316812573	0.1631033572	0.6719607379	0.09755969254
3025	0.5235857806	0.3168751042	0.1629097882	0.6720996963	0.09765974257
3030	0.5234833944	0.3169001167	0.1629543939	0.6720996963	0.09765974257
3035	0.5233774055	0.3168751042	0.1624958312	0.6719872131	0.09760971756
3040	0.5233032985	0.3168500917	0.1628626813	0.6723169234	0.09760971756
3045	0.5231763133	0.3170251793	0.1627693013	0.6722585609	0.09760971756
3050	0.5230899649	0.3171002168	0.1628751876	0.6723665695	0.09760971756
3055	0.5229708823	0.3170376855	0.1633966983	0.6730784153	0.09765974257
3060	0.5228689998	0.3169501417	0.1635117559	0.67269868	0.09765974257
3065	0.5227748262	0.317162748	0.1634155967	0.6727701443	0.09770976758
3070	0.5226839841	0.3172627981	0.1634570063	0.673219412	0.09780981761
3075	0.5225858591	0.3173628481	0.1634599244	0.6732908763	0.09785984262
3080	0.5224726649	0.3172627981	0.1630900172	0.6731739347	0.09775979259
3085	0.5223688841	0.3173378356	0.1631504641	0.6730202864	0.09780981761
3090	0.5222673114	0.3173878606	0.1634057306	0.6735205366	0.09785984262
3095	0.522149391	0.3173878606	0.1634328275	0.6730202864	0.09780981761
3100	0.5220368553	0.3175379356	0.1635137013	0.6730560186	0.09785984262
3105	0.5219195547	0.3176379857	0.1632178589	0.6733081288	0.09800991766
3110	0.5218249163	0.3176880107	0.1630997443	0.6726994911	0.09790986763
3115	0.5217288445	0.3177255294	0.1638098216	0.6730232641	0.09800991766
3120	0.521613907	0.3178630982	0.1639548941	0.6729635851	0.09790986763
3125	0.5215114433	0.3177630482	0.1636355678	0.6727902451	0.09780981761
3130	0.5214125823	0.3178255795	0.1635195375	0.6726884084	0.09790986763
3135	0.521331851	0.3178630982	0.1636120838	0.6733018104	0.09810996768
3140	0.5212311306	0.317900617	0.1637500695	0.6731316125	0.09805994267
3145	0.5211320372	0.3179381357	0.1639102885	0.6735318126	0.09821001771
3150	0.5210275979	0.3178130732	0.1640264577	0.6733896961	0.09815999269
3155	0.5209286981	0.3177630482	0.1636201434	0.6733063211	0.09805994267
3160	0.5208330137	0.3178630982	0.1640748152	0.6736398211	0.09805994267
3165	0.5207113357	0.3178255795	0.1640189539	0.6735147586	0.09800991766
3170	0.5206031387	0.317950642	0.1642715802	0.6728924417	0.09810996768
3175	0.5205078804	0.3179631482	0.1639647602	0.6733194228	0.09815999269
3180	0.5203976303	0.3179131232	0.1638795787	0.6739784645	0.09821001771
3185	0.5202929198	0.317950642	0.1640923239	0.6731901916	0.09815999269
3190	0.5201749219	0.3179256295	0.1643749653	0.6737311186	0.09815999269
3195	0.5200878763	0.3180256795	0.164355789	0.6736015083	0.09831006773
3200	0.5199972666	0.318150742	0.1641643044	0.6736660247	0.09836009274
3205	0.5198877525	0.318150742	0.164232255	0.6744705937	0.09841011776
3210	0.5197812988	0.3183133233	0.1643823301	0.6744163999	0.09846014277
3215	0.5196870477	0.3181632483	0.1644351342	0.6739407833	0.09846014277
3220	0.5195945398	0.3183133233	0.1646374576	0.6741617271	0.09841011776
3225	0.5194929672	0.3184008671	0.1642219721	0.6742117521	0.09846014277
3230	0.5194028611	0.3184508921	0.1644633428	0.6746716682	0.09846014277
3235	0.5193057046	0.3184383859	0.1641502696	0.6743455311	0.09841011776
3240	0.5192083545	0.3184884109	0.1640796787	0.6746502289	0.09846014277
3245	0.5190876062	0.3185509421	0.1643550942	0.6749976249	0.09861021781
3250	0.5189897911	0.3186259797	0.1642205825	0.675497875	0.09876029284
3255	0.5188901554	0.3185009171	0.1643627369	0.6749475998	0.09861021781
3260	0.5188133754	0.3186134734	0.1643298038	0.6751810499	0.09861021781
3265	0.5187152117	0.3187010172	0.1641613862	0.6756423917	0.09866024282
3270	0.5186132517	0.3187510422	0.1642993719	0.6757090917	0.09866024282
3275	0.5185105556	0.3187510422	0.1646036907	0.6754419127	0.09861021781
3280	0.5183987946	0.3188135735	0.1646880385	0.6752126314	0.09861021781
3285	0.5182993138	0.318888611	0.1643053471	0.6751125813	0.09856019279
3290	0.5182048303	0.3188510922	0.1643281363	0.6752126314	0.09861021781
3295	0.5181073639	0.3188635985	0.1643014563	0.6750875688	0.09856019279
3300	0.518003312	0.3188761047	0.1649230171	0.6752543189	0.09861021781
3305	0.5179010033	0.3189136235	0.1646239787	0.6755369999	0.09881031786
3310	0.5178138026	0.3189136235	0.1648574287	0.6756036999	0.09871026783
3315	0.5177212561	0.3190636985	0.1649109277	0.6751643777	0.09866024282
3320	0.5176150735	0.3189261297	0.1643552332	0.6750425219	0.09861021781
3325	0.5175365503	0.3191012173	0.1641242844	0.6753079324	0.09876029284
3330	0.5174349776	0.3191137235	0.1642218331	0.6743262907	0.09851016778
3335	0.5173326689	0.319188761	0.1644194319	0.6747417763	0.09866024282
3340	0.5172333818	0.3191137235	0.1640017231	0.6744096658	0.09861021781
3345	0.5171124011	0.319188761	0.1640392418	0.6746139346	0.09856019279
3350	0.5170027707	0.3191762548	0.1644073426	0.6740392425	0.09846014277
3355	0.5168965882	0.3192137736	0.16432897	0.6743608318	0.09856019279
3360	0.516798502	0.3192512923	0.1645211495	0.6745414777	0.09861021781
3365	0.5167025851	0.3193263298	0.1643841365	0.6741246026	0.09851016778
3370	0.5165925674	0.3195139236	0.1645713134	0.6747850338	0.09866024282
3375	0.5164882056	0.3193638486	0.1650737869	0.6741291503	0.09851016778
3380	0.5163945743	0.3194263799	0.1647761381	0.6746294005	0.09856019279
3385	0.516300943	0.3194889111	0.16493997	0.6747363984	0.09851016778
3390	0.5162118442	0.3194638986	0.164722917	0.6744862733	0.09846014277
3395	0.5161077535	0.3195764549	0.1647887833	0.6750421068	0.09856019279
3400	0.515986734	0.3196890112	0.1650322383	0.6754083614	0.09866024282
3405	0.5159032523	0.3196514924	0.1645653382	0.6746024028	0.09851016778
3410	0.5157905229	0.3197265299	0.1644283253	0.6749748113	0.09861021781
3415	0.5156901511	0.3197890612	0.1646184203	0.6747447359	0.09866024282
3420	0.5155952802	0.3197890612	0.1647343116	0.6755487093	0.09876029284
3425	0.515491422	0.32002668	0.1647668279	0.675486178	0.09886034287
3430	0.5153960862	0.3200141738	0.1650348786	0.6756862781	0.09881031786
3435	0.5153018738	0.3200641988	0.1651418765	0.6758558073	0.09881031786
3440	0.515212039	0.3200641988	0.165390473	0.6757057323	0.09886034287
3445	0.5150879592	0.3200391863	0.1655597243	0.675652134	0.09891036788
3450	0.5150034315	0.320076705	0.1653234951	0.675602109	0.09896039289
3455	0.514905539	0.3202517926	0.1655190095	0.6763059332	0.09906044292
3460	0.5147942429	0.3202642988	0.1653950586	0.6765366041	0.09916049294
3465	0.5146934062	0.3204894114	0.1652287255	0.6764059832	0.09911046793
3470	0.5145938092	0.3205269301	0.1652793063	0.6764560082	0.09916049294
3475	0.5144946383	0.3205519426	0.1654227114	0.6760808206	0.09916049294
3480	0.5143808243	0.3206019677	0.1652094103	0.6761846604	0.09926054297
3485	0.5142767336	0.3205394364	0.1651756434	0.6759345353	0.09916049294
3490	0.5141694663	0.3205644489	0.1654361903	0.6755593477	0.09916049294
3495	0.5140661891	0.3206019677	0.1655149797	0.6757260978	0.09926054297
3500	0.5139554741	0.3206770052	0.1657771942	0.6756177103	0.09921051796
3505	0.5138591312	0.3206895114	0.1658149908	0.6765786074	0.09936059299
3510	0.5137608513	0.3206644989	0.1662360347	0.6758431386	0.09921051796
3515	0.5136752776	0.3206019677	0.1663866656	0.6762878054	0.09921051796
3520	0.5135648338	0.3207520427	0.1665047802	0.6761624271	0.09921051796
3525	0.5134772458	0.3208020677	0.1667387861	0.6765184763	0.09931056798
3530	0.5133877596	0.3208896115	0.1668920571	0.6765007907	0.09931056798
3535	0.5132627887	0.3208896115	0.166912484	0.6763507157	0.09921051796
3540	0.5131600152	0.320964649	0.1669805736	0.6764452073	0.09926054297
3545	0.5130528641	0.3210521928	0.1670203157	0.6765535949	0.09931056798
3550	0.5129555527	0.3210021678	0.1672718304	0.6764855053	0.09921051796
3555	0.5128416224	0.3211522428	0.1670504697	0.6761520052	0.09911046793
3560	0.5127470227	0.3211772553	0.1663993108	0.6763975825	0.09926054297
3565	0.5126542437	0.3212397866	0.1663965316	0.6762409385	0.09921051796
3570	0.5125541818	0.3212272803	0.1668079873	0.6758490759	0.09921051796
3575	0.5124585748	0.3213273303	0.1669650103	0.6764076886	0.09926054297
3580	0.5123542517	0.3214023679	0.1665022789	0.6765949034	0.09941061801
3585	0.5122505484	0.3213148241	0.1670731199	0.6758111782	0.09931056798
3590	0.5121554838	0.3214648991	0.1671367628	0.6760543068	0.09936059299
3595	0.5120699102	0.3214273804	0.1670378245	0.6758079715	0.09931056798
3600	0.5119725988	0.3214148741	0.1668660719	0.6758195157	0.09931056798
3605	0.511889272	0.3214899116	0.1670692291	0.6763203489	0.09951066803
3610	0.5117572895	0.3215524429	0.1671153632	0.6763999341	0.09951066803
3615	0.5116652465	0.3215024179	0.1670853482	0.6765666842	0.09946064302
3620	0.5115630153	0.3214648991	0.1667943694	0.6765666842	0.09946064302
3625	0.5114538111	0.3215149241	0.1670624201	0.6770272319	0.09971076808
3630	0.5113569258	0.321802568	0.167042688	0.6770855944	0.09971076808
3635	0.511258336	0.3218275805	0.1675022233	0.6768250475	0.09971076808
3640	0.5111672227	0.3218400867	0.1674206548	0.6769917975	0.09976079309
3645	0.5110695239	0.3219401367	0.1676315936	0.6775295664	0.09981081811
3650	0.5109707017	0.3218275805	0.1676388194	0.6776296164	0.09986084312
3655	0.5108496822	0.3218776055	0.1679314657	0.6775045539	0.09981081811
3660	0.5107553924	0.321952643	0.1677424824	0.678071504	0.09986084312
3665	0.5106513792	0.3219776555	0.1677422044	0.6777878665	0.09986084312
3670	0.5105569731	0.321902618	0.167436496	0.6776268886	0.09976079309
3675	0.5104598941	0.3218901117	0.1672953143	0.6776268886	0.09976079309
3680	0.5103748241	0.3220651993	0.1673094881	0.6778639119	0.09981081811
3685	0.510274801	0.3219776555	0.1674984715	0.6779639619	0.09986084312
3690	0.5101672238	0.3219651492	0.1673313045	0.6779222744	0.09986084312
3695	0.5100602277	0.3218400867	0.1673604858	0.6777684096	0.09976079309
3700	0.5099693856	0.3218150742	0.1675754544	0.6777183846	0.09976079309
3705	0.5098602977	0.3219151242	0.1681065533	0.6766736314	0.09961071806
3710	0.5097665114	0.3219901617	0.1682352287	0.6771405316	0.09976079309
3715	0.5096714081	0.3219651492	0.168137402	0.6771405316	0.09976079309
3720	0.5095650319	0.3220401868	0.1682392585	0.6771405316	0.09971076808
3725	0.5094704321	0.3220651993	0.1681617197	0.6769404315	0.09961071806
3730	0.5093695955	0.3219276305	0.1680213718	0.6767282042	0.09951066803
3735	0.5092683327	0.3220777055	0.168220916	0.6773370584	0.09971076808
3740	0.5091696267	0.3220777055	0.1683165194	0.6766283707	0.09961071806
3745	0.5090678991	0.322102718	0.1681956256	0.6765616707	0.09961071806
3750	0.508969348	0.3222402868	0.1683041521	0.6770170266	0.09976079309
3755	0.5088886167	0.3221652493	0.1683431994	0.6771462579	0.09981081811
3760	0.5087951404	0.3222527931	0.1683960036	0.6773415936	0.09986084312
3765	0.5086984875	0.3222652993	0.1684629815	0.6771462579	0.09981081811
3770	0.5085973409	0.3222903118	0.1684235173	0.6770107735	0.09981081811
3775	0.5085189727	0.3223528431	0.1688570674	0.6771244521	0.09981081811
3780	0.5084273171	0.3225029181	0.1688595687	0.677201195	0.09991086813
3785	0.5083331435	0.3225779556	0.1692293369	0.6777014451	0.09996089314
3790	0.508229169	0.3226404869	0.1690367406	0.6777598076	0.1000109182
3795	0.5081316639	0.3226780057	0.1691983492	0.6775722139	0.1000109182
3800	0.5080323381	0.3227780557	0.1692861709	0.6778669861	0.1000609432
3805	0.5079439365	0.3229281307	0.1694003946	0.6781625884	0.1002110182
3810	0.5078523972	0.322890612	0.1693899728	0.6775257621	0.1001609932
3815	0.5077534587	0.322890612	0.1695786782	0.6778336541	0.1001109682
3820	0.5076576581	0.3229656495	0.1692643544	0.6782246676	0.1003610932
3825	0.5075673196	0.3229656495	0.1693164638	0.6781246175	0.1003110682
3830	0.507465437	0.3231657495	0.1694811295	0.6784986141	0.1005111683
3835	0.507379476	0.3230656995	0.1695820132	0.6782937497	0.1004611433
3840	0.5072674051	0.3232908121	0.1693193819	0.6784868287	0.1005611933
3845	0.507171837	0.3232657996	0.169409149	0.6785177966	0.1005111683
3850	0.5070732084	0.3233408371	0.169298955	0.678376059	0.1005111683
3855	0.506984497	0.3234408871	0.1694552832	0.6787633739	0.1007112683
3860	0.506876145	0.3234909121	0.1695378245	0.679096874	0.1007112683
3865	0.5067989777	0.3236159747	0.169486132	0.6790075436	0.1006612433
3870	0.506710305	0.3235909621	0.1693710744	0.6788860543	0.1005611933
3875	0.5066046647	0.3235909621	0.1696175866	0.6790986606	0.1006112183
3880	0.5065107235	0.3237535434	0.1695992441	0.6794641942	0.1007612933
3885	0.5064237941	0.3236659997	0.1701250625	0.679401663	0.1007612933
3890	0.5063329907	0.3236284809	0.1697773887	0.679401663	0.1007112683
3895	0.506246991	0.3236034684	0.1692044633	0.6792766004	0.1006612433
3900	0.5061456507	0.3237285309	0.169465983	0.679401663	0.1007112683
3905	0.5060718536	0.3237535434	0.1692461509	0.679401663	0.1007612933
3910	0.5059847692	0.3237910622	0.1690168695	0.6795170887	0.1007112683
3915	0.5058924551	0.3240536935	0.1695653382	0.6798839387	0.1009613934
3920	0.5057926644	0.3240411873	0.1694363849	0.6802841388	0.1009613934
3925	0.5057003502	0.324078706	0.1699294091	0.6803841889	0.1010114184
3930	0.505614273	0.3239911622	0.1697315324	0.6797124244	0.1008613434
3935	0.5055042165	0.3239536435	0.169806431	0.6796669471	0.1008113184
3940	0.5053899763	0.3241412373	0.1698290812	0.6802376871	0.1009113684
3945	0.5052944469	0.3240661998	0.1697494581	0.6798208119	0.1009113684
3950	0.505200467	0.324128731	0.1700521094	0.6798753847	0.1009113684
3955	0.5051002114	0.324078706	0.1698186593	0.679946849	0.1009613934
3960	0.5050035585	0.3239661497	0.1695337947	0.6799111168	0.1009113684
3965	0.5049154669	0.3240661998	0.1696366239	0.6797074436	0.1009113684
3970	0.5048185816	0.324078706	0.1696249514	0.6798334806	0.1009613934
3975	0.5047382764	0.3239661497	0.1698406148	0.6794666305	0.1008613434
3980	0.5046386794	0.3241037185	0.1702049636	0.6792617662	0.1008113184
3985	0.5045425689	0.3242037686	0.1702491524	0.6795952663	0.1009113684
3990	0.5044504872	0.3242913123	0.1702153855	0.6798745726	0.1009113684
3995	0.5043499217	0.3242788061	0.1705939081	0.6799746226	0.1009613934
3999	0.5042868165	0.3243663498	0.1701899561	0.6800877744	0.1010114184
