iter	RMSE	AverageGain:top=10	MAP:top=5	RecallAt:top=10	PrecisionAt:top=10
0	0.2056800379	0.1644739036	0.04602648546	0.5085455911	0.04033107824
5	0.1999918371	0.2263673503	0.07663929187	0.554621627	0.05323753146
10	0.1966741239	0.2474278806	0.09236910122	0.574966079	0.06079130835
15	0.1946260822	0.2542187761	0.09800025013	0.585992598	0.06454318429
20	0.1932357051	0.2564448891	0.1037065755	0.5895305895	0.06609395968
25	0.1921911052	0.2601842588	0.1080769551	0.5994771781	0.0685952103
30	0.1913635933	0.2630231783	0.1126796732	0.6039749291	0.07119651095
35	0.1907690035	0.264098716	0.1149526152	0.6074043588	0.07224703622
40	0.1902232359	0.2653868601	0.1162935634	0.6115715457	0.0729974114
45	0.1897323799	0.2677630482	0.1209115669	0.6149899069	0.07474828684
50	0.1893169333	0.2698015675	0.1239408593	0.6185362118	0.07594888714
55	0.1890043818	0.2707270302	0.1257134123	0.6217177633	0.07679931235
60	0.1887345016	0.2712397866	0.1272860041	0.6223010123	0.07729956248
65	0.188459692	0.2720151743	0.1290378523	0.622328046	0.07754968754
70	0.1882018788	0.2729281307	0.1292960369	0.6242590069	0.0786002128
75	0.1879390185	0.2741662498	0.1325161192	0.6278747939	0.07965073807
80	0.1877142993	0.2745039186	0.1333822467	0.6289871827	0.08000091315
85	0.1875132898	0.2749416375	0.1350826802	0.6305921671	0.08095138839
90	0.1872899298	0.2758671002	0.1361712801	0.6311416843	0.08105143842
95	0.1871402304	0.2764548941	0.1371749764	0.6328050909	0.08175178859
100	0.1869700215	0.2775929631	0.1380844589	0.6351795132	0.08255218879
105	0.186835098	0.2773303318	0.1388433105	0.6346114865	0.08245213877
110	0.18667689	0.2780682008	0.1390150631	0.6363435986	0.08265223882
115	0.1865189859	0.2782808071	0.1400621144	0.6375691771	0.08310246393
120	0.1864033476	0.2791812573	0.141485465	0.6383113401	0.08375278909
125	0.1862642251	0.2796690012	0.1416959869	0.6396495379	0.08430306423
130	0.1861321422	0.2799316325	0.1432596854	0.640431693	0.08470326433
135	0.1859994006	0.2803318326	0.143441304	0.6412804427	0.08490336438
140	0.1858938299	0.2805194264	0.144035351	0.6415825689	0.08495338939
145	0.1857547029	0.2811697515	0.1452044078	0.6422465689	0.08535358949
150	0.1856145352	0.2816324829	0.1464279362	0.6426795536	0.08550366453
155	0.1855038156	0.2823578456	0.1469590351	0.643411959	0.08595388964
160	0.1853800849	0.2824453894	0.1482873381	0.6423179656	0.08595388964
165	0.1852859095	0.2829456395	0.1487895337	0.6436893198	0.08620401471
170	0.1851576336	0.2833333333	0.1492993719	0.6446938985	0.08650416478
175	0.1850360971	0.2834333834	0.1502927853	0.6429932161	0.08650416478
180	0.1849305657	0.2837585459	0.1521031349	0.6445823609	0.08670426483
185	0.184823837	0.2843338336	0.1523557612	0.6453758599	0.08730456498
190	0.1847201226	0.2848590962	0.1529281307	0.6468329071	0.08790486513
195	0.1846297629	0.2852467901	0.1530668112	0.6480998618	0.08805494017
200	0.1845371166	0.2854969151	0.1546642766	0.6489905849	0.08840511526
205	0.1844331777	0.2856720027	0.1552883386	0.6487078137	0.08830506523
210	0.1843357811	0.2861597465	0.1557866433	0.6505992356	0.08875529034
215	0.1842325523	0.2859971652	0.1564760158	0.6506925542	0.08880531536
220	0.1841454545	0.2863973653	0.1572099939	0.652082543	0.08925554047
225	0.184040949	0.286872603	0.1578033461	0.6521226424	0.08950566553
230	0.1839223421	0.2872602968	0.1588770774	0.6538527338	0.09015599069
235	0.1838162772	0.287810572	0.1601229782	0.6546522497	0.09055619079
240	0.1837203117	0.2879981657	0.1609693736	0.6544411628	0.09060621581
245	0.1836461591	0.2889111222	0.1621752543	0.6549130257	0.09105644092
250	0.1835643446	0.2892738036	0.1622468179	0.6568236301	0.09160671606
255	0.1834748722	0.2893613473	0.1625714246	0.656351509	0.09160671606
260	0.1833850944	0.2896489912	0.1624811017	0.6574918519	0.09165674107
265	0.1833093767	0.2896990162	0.163611528	0.6570840181	0.09165674107
270	0.1832122748	0.290136735	0.1642761659	0.6574446571	0.09185684112
275	0.1831271781	0.2902492913	0.1644073426	0.6582743048	0.09205694117
280	0.1830336933	0.2905869601	0.1648161581	0.6602288695	0.09255719129
285	0.1829651684	0.2912497916	0.1645196209	0.6602957527	0.09290736638
290	0.1828748921	0.2915374354	0.1656592185	0.6604602289	0.09305744142
295	0.1827979909	0.2915374354	0.1657627425	0.6605156137	0.09315749144
300	0.1827212845	0.2916624979	0.1660351009	0.6609277246	0.09305744142
305	0.1826425786	0.2923003168	0.1667265577	0.6613383493	0.09375779159
310	0.1825649329	0.2921002168	0.1671377355	0.6619983617	0.09385784162
315	0.1824982933	0.2922127731	0.1680145628	0.6620086719	0.09395789164
320	0.1824191783	0.2922127731	0.1682596854	0.6617841548	0.09410796668
325	0.1823682416	0.2924378856	0.1687275582	0.662389887	0.09425804172
330	0.1822912405	0.2927755544	0.1680723695	0.6619646348	0.09420801671
335	0.1822162999	0.2930256795	0.1688474793	0.6622697324	0.09440811676
340	0.1821370695	0.2936134734	0.1690734256	0.6645781016	0.09510846693
345	0.182063925	0.2936760047	0.1694445834	0.6650645822	0.09535859199
350	0.1820033385	0.2939761547	0.1699345506	0.6645292667	0.09540861701
355	0.1819195588	0.2939261297	0.1696371797	0.6648336848	0.09550866703
360	0.1818490732	0.2942012673	0.1702358124	0.6659620268	0.09575879209
365	0.1817858676	0.294188761	0.1702818076	0.6661168415	0.09590886713
370	0.181734732	0.2943013173	0.171218248	0.666138133	0.09590886713
375	0.1816491216	0.2945639486	0.1714258518	0.6672894772	0.09640911726
380	0.181588661	0.2950516925	0.1726371519	0.6665350478	0.09635909224
385	0.1815118295	0.2952517926	0.1729625924	0.668136856	0.09670926733
390	0.1814466762	0.2954268801	0.1731751987	0.6676223339	0.09685934237
395	0.1813813064	0.2958771052	0.1742380913	0.6679897309	0.09705944242
400	0.1813155553	0.2965274304	0.1744202657	0.669868448	0.09745964252
405	0.1812424229	0.2966399867	0.1751204769	0.6701994913	0.09775979259
410	0.1811807383	0.2967775554	0.1750765661	0.6702182507	0.09760971756
415	0.1811246263	0.2972527931	0.1756651937	0.6718580015	0.09826004272
420	0.1810619558	0.2973028181	0.1754821855	0.6712523415	0.09810996768
425	0.1810086234	0.2975779556	0.176758935	0.6711964236	0.09831006773
430	0.1809378117	0.2975654494	0.1770371297	0.6716351531	0.09836009274
435	0.1808786337	0.2977155244	0.1770367128	0.671853028	0.09831006773
440	0.1808074625	0.2978655995	0.1775722584	0.6718170594	0.09826004272
445	0.1807381007	0.2982532933	0.1779128453	0.6727190256	0.09836009274
450	0.1806850748	0.2985284309	0.1782848369	0.6734421894	0.09861021781
455	0.1806134036	0.2985659496	0.1787008782	0.6734154208	0.09876029284
460	0.1805487164	0.2986159747	0.178704908	0.6736213155	0.09896039289
465	0.180486536	0.2989411372	0.1787748041	0.6760880937	0.09931056798
470	0.1804280728	0.299078706	0.1795613084	0.6765416033	0.09951066803
475	0.1803673395	0.2995539436	0.1791697238	0.6762647143	0.09961071806
480	0.1803158159	0.2996915124	0.1801691123	0.676264218	0.09966074307
485	0.180258679	0.2999791562	0.1804478628	0.6760966614	0.09971076808
490	0.1802119545	0.3003418376	0.1805570841	0.6785142212	0.1002110182
495	0.1801633098	0.3003918626	0.180674365	0.6783302818	0.1002610432
500	0.1801074785	0.3005919626	0.1806103052	0.6785069269	0.1003610932
505	0.1800407291	0.3006670002	0.1811712801	0.6785214759	0.1003110682
510	0.1799637629	0.3007295314	0.1817193319	0.6788295845	0.1004111183
515	0.17990973	0.3008170752	0.1826724473	0.6793653593	0.1006112183
520	0.1798604194	0.301104719	0.1835733144	0.6799625013	0.1007612933
525	0.1798175086	0.3012923128	0.1845909066	0.6791682063	0.1007112683
530	0.1797704817	0.3012297816	0.1854634262	0.6789427273	0.1006612433
535	0.1796966699	0.3014298816	0.1854190984	0.679509488	0.1009113684
540	0.1796408309	0.3014298816	0.1849402479	0.679073841	0.1008613434
545	0.1795816878	0.3015549441	0.1854523095	0.6796921571	0.1009113684
550	0.17951983	0.3020301818	0.1854813518	0.6805348279	0.1013115685
555	0.1794714025	0.302192763	0.1855947418	0.6808694749	0.1014116185
560	0.1794128759	0.3023053193	0.1855662553	0.6807963493	0.1015616935
565	0.179353231	0.3024428881	0.185697432	0.6813799745	0.1017117686
570	0.1793034707	0.3024679006	0.1862046301	0.6812574024	0.1018118186
575	0.1792466986	0.3027180257	0.1865941304	0.6814704959	0.1017617936
580	0.1791990948	0.303030682	0.1866181702	0.6822216536	0.1021119687
585	0.1791383794	0.302930632	0.1870308765	0.6823012389	0.1021619937
590	0.179091674	0.3032808071	0.1870154522	0.6825847139	0.1021119687
595	0.1790334509	0.3034809071	0.1875785115	0.6820941187	0.1021619937
600	0.1789866601	0.3036810072	0.1878189095	0.6820274187	0.1022620437
605	0.1789399586	0.3036935134	0.1881818687	0.682240404	0.1023620937
610	0.1789074351	0.3038936135	0.1883575121	0.6823063099	0.1024621438
615	0.1788658984	0.3042187761	0.1881760325	0.6831915435	0.1028623439
620	0.1788070866	0.3044313824	0.1881254516	0.6823851789	0.1027122688
625	0.1787460711	0.3046815074	0.1880259574	0.6841251542	0.103212519
630	0.1786880403	0.3050817075	0.1879568951	0.685751704	0.1039628941
635	0.1786166789	0.3048691012	0.1886554388	0.6855262124	0.1039128691
640	0.1785672219	0.3052442888	0.1896841476	0.6859001007	0.1040629442
645	0.1785193861	0.3053318326	0.1909574232	0.6858042194	0.1040129192
650	0.1784732383	0.3056069702	0.190907815	0.6861377195	0.1040629442
655	0.1784256972	0.3056444889	0.1913463676	0.6858875944	0.1040129192
660	0.178383343	0.3059821577	0.1925541938	0.6867342224	0.1043630942
665	0.1783163046	0.3061322328	0.1928494803	0.6862839973	0.1043130692
670	0.17827976	0.3063573453	0.1931128064	0.6856295034	0.1042630442
675	0.1782415122	0.3062698016	0.1935305153	0.6858227287	0.1041629942
680	0.178203955	0.3065324329	0.1933926686	0.6861250624	0.1042630442
685	0.1781496869	0.3065199266	0.1938130176	0.6861945416	0.1044131193
690	0.1780963491	0.3066074704	0.1939279362	0.6858518784	0.1045131693
695	0.1780567724	0.3069451392	0.1944365238	0.6872281617	0.1049133694
700	0.1780170631	0.3073078206	0.1939045912	0.6872420576	0.1049133694
705	0.1779766816	0.3075704519	0.1941751431	0.6877104736	0.1051134694
710	0.1779325218	0.3075454394	0.1945217053	0.6885862172	0.1051634944
715	0.177879345	0.3076830082	0.1947591851	0.6893946129	0.1053635945
720	0.1778267504	0.3079831582	0.1946605247	0.689492813	0.1055636945
725	0.1777796348	0.3080331833	0.1952688844	0.6907479111	0.1057637946
730	0.1777317403	0.3081957645	0.195520677	0.6900905649	0.1057137696
735	0.1776894105	0.3088460897	0.1958383358	0.6909252192	0.1060639447
740	0.1776380304	0.3088335835	0.1966126119	0.692309028	0.1062140197
745	0.177588761	0.3090837085	0.1972600189	0.6922205097	0.1061639947
750	0.1775408661	0.3090211773	0.197536685	0.6914509691	0.1061139697
755	0.1774690874	0.3092337836	0.1975836529	0.6918324198	0.1062640447
760	0.1774260223	0.3096339837	0.1977310878	0.6926878259	0.1065141698
765	0.1773781859	0.3098090712	0.1982673281	0.6938086586	0.1068643449
770	0.1773326335	0.30984659	0.1987260297	0.6944278049	0.1069143699
775	0.1772820427	0.30994664	0.199542827	0.6939128649	0.1069643949
780	0.1772279461	0.3103843588	0.1996371797	0.6939906815	0.1070644449
785	0.1771889368	0.3101717525	0.2000444667	0.694076833	0.1070144199
790	0.1771356173	0.3103093213	0.2008872492	0.6936555753	0.1069143699
795	0.1770841497	0.3107970652	0.2007495414	0.6953064007	0.107464645
800	0.1770433063	0.3108220777	0.2015862098	0.69519444	0.107464645
805	0.1769924568	0.3109596465	0.2017168306	0.6958191904	0.107364595
810	0.1769478242	0.3111472403	0.2013466455	0.6969062266	0.1077147701
815	0.176917706	0.3113723528	0.2018248013	0.6982152144	0.1079148701
820	0.1768707003	0.3115099216	0.2019814074	0.6974919361	0.1079148701
825	0.1768253913	0.312072703	0.2017910344	0.6980807406	0.1083150702
830	0.1767828372	0.3119351342	0.2016009394	0.6984959103	0.1084151203
835	0.1767499093	0.3123353343	0.2017344784	0.6986688323	0.1087152703
840	0.1767140832	0.3122477906	0.2023571508	0.6986364901	0.1086652453
845	0.1766793511	0.3123353343	0.2028344728	0.6990692281	0.1087152703
850	0.1766358731	0.3124854094	0.2033522317	0.6989488966	0.1086652453
855	0.1765835914	0.3127355344	0.2038808293	0.6996233888	0.1088653454
860	0.176545079	0.3130356845	0.2031936802	0.6999247661	0.1090154204
865	0.1765060437	0.3130732033	0.203581513	0.6996628296	0.1088653454
870	0.1764577888	0.313060697	0.2036871213	0.6998762299	0.1088653454
875	0.176406778	0.3132607971	0.2043120171	0.6995330759	0.1088653454
880	0.1763607173	0.3134984159	0.2044889111	0.6997540197	0.1089653954
885	0.1763164618	0.3135859596	0.2048211606	0.7016958636	0.1094156205
890	0.1762732917	0.314098716	0.2047878106	0.7018111991	0.1095156705
895	0.1762384433	0.3140611973	0.2045881274	0.7020678931	0.1096157206
900	0.1761949081	0.3140737035	0.2051207548	0.702142335	0.1094656455
905	0.1761563696	0.3141612473	0.2054859374	0.7023091212	0.1095656955
910	0.1761193252	0.3142487911	0.2056353177	0.7016208983	0.1096157206
915	0.1760753406	0.3146740037	0.2056588016	0.7032300362	0.1099658956
920	0.1760440342	0.3148115725	0.2059090656	0.7035648266	0.1101659957
925	0.176011462	0.3150116725	0.2064489189	0.7031187702	0.1101659957
930	0.1759593486	0.3151992663	0.2063836085	0.7041608668	0.1105161708
935	0.17592811	0.315136735	0.2067037686	0.7044991312	0.1105161708
940	0.1758882224	0.3153243288	0.2068963648	0.7048709441	0.1106662458
945	0.1758509372	0.3152617976	0.2076154744	0.7045265439	0.1108163209
950	0.1758087595	0.3154994164	0.2076991273	0.7048245464	0.1109163709
955	0.1757800033	0.3157370352	0.2078778278	0.7044849656	0.1108663459
960	0.1757376463	0.3160121728	0.2075029181	0.7056939034	0.1111664959
965	0.1756984242	0.3161622478	0.2082388416	0.7066451727	0.111316571
970	0.1756672279	0.3162122728	0.2085473292	0.7063672559	0.1111664959
975	0.1756286105	0.3163873603	0.208544828	0.7072849767	0.111516671
980	0.1755850349	0.3167375354	0.2088944472	0.7081852807	0.1117667961
985	0.1755442639	0.3167250292	0.2092109944	0.7081632639	0.1120169212
990	0.1755034391	0.3172753043	0.209529209	0.7089455995	0.1122170212
995	0.1754645566	0.3175754544	0.2095406036	0.7090789995	0.1123170712
1000	0.1754214726	0.3175754544	0.2098803568	0.7087316036	0.1122170212
1005	0.1753796873	0.3176629982	0.2101086654	0.7087340769	0.1122170212
1010	0.1753318697	0.3179381357	0.2106518537	0.7087484952	0.1123170712
1015	0.1752968119	0.3179131232	0.2110916569	0.7087901827	0.1123170712
1020	0.1752591048	0.3182632983	0.2114257129	0.7095061657	0.1126172213
1025	0.1752204863	0.3183508421	0.2110095325	0.7092220951	0.1124171213
1030	0.1751839401	0.3184884109	0.2111537713	0.7086677243	0.1123170712
1035	0.1751392169	0.3187385359	0.2119487522	0.709469062	0.1126672463
1040	0.1750891184	0.3185759546	0.2125736479	0.7086134574	0.1123670962
1045	0.1750525078	0.3186384859	0.2129267411	0.7093145024	0.1125671963
1050	0.1750096263	0.3188510922	0.2127783336	0.7097833876	0.1126672463
1055	0.1749707155	0.319038686	0.2126363182	0.710162457	0.1130174214
1060	0.1749359932	0.3190636985	0.2131799233	0.7102764029	0.1129173714
1065	0.1749029031	0.319038686	0.2127868101	0.7103622513	0.1130674464
1070	0.1748692504	0.3193013173	0.214038686	0.7093463925	0.1129173714
1075	0.1748348715	0.3195389361	0.2143613473	0.7096166404	0.1129173714
1080	0.1747824593	0.3195889611	0.2141266467	0.7095124216	0.1128673464
1085	0.1747489986	0.3197390362	0.2143380023	0.7102211093	0.1131174714
1090	0.174711151	0.3197890612	0.2144745984	0.7097809902	0.1129673964
1095	0.1746668489	0.3200141738	0.2147766939	0.7107462988	0.1132675465
1100	0.1746304468	0.32012673	0.2151474348	0.7108205422	0.1132675465
1105	0.1745979824	0.3202893113	0.2151949586	0.7109823295	0.1134676465
1110	0.1745690638	0.3204143739	0.2154832972	0.7103798457	0.1133675965
1115	0.1745329461	0.3207395364	0.215427297	0.7123589062	0.1139178716
1120	0.1744862718	0.3210396865	0.2157136902	0.7125800666	0.1140179217
1125	0.1744498767	0.3207520427	0.2156878439	0.7121522211	0.1138178216
1130	0.1744133996	0.3207645489	0.2159738202	0.7122340602	0.1138678466
1135	0.1743680175	0.3212022678	0.2164136235	0.7139145731	0.1142680467
1140	0.1743285171	0.3214648991	0.2166976544	0.7140251596	0.1144681468
1145	0.1742933766	0.3213648491	0.2164840754	0.7134835764	0.1145681968
1150	0.1742618468	0.3214148741	0.2169804347	0.7138504265	0.1145681968
1155	0.1742188601	0.3215524429	0.2168070146	0.7136604325	0.1145681968
1160	0.1741796982	0.3217525429	0.2165378523	0.7140642058	0.1147182718
1165	0.1741391345	0.3219276305	0.2162932855	0.7149813005	0.1150184219
1170	0.1740961026	0.3218776055	0.2168207715	0.7155226426	0.1149683969
1175	0.1740529258	0.321952643	0.2171357901	0.7143129107	0.1149683969
1180	0.1740070174	0.3221277305	0.217633539	0.7149761818	0.1150684469
1185	0.1739618276	0.3223028181	0.2177627703	0.7168525815	0.1156187221
1190	0.1739240622	0.3224028681	0.217860597	0.7172402022	0.115568697
1195	0.1738971128	0.3224028681	0.2176725863	0.7175249262	0.1156687471
1200	0.1738584903	0.3226029682	0.2179046468	0.7181460701	0.1158688471
1205	0.1738185383	0.3225279306	0.2183154077	0.716636477	0.115568697
1210	0.1737748746	0.3227280307	0.2184343561	0.7167401002	0.115518672
1215	0.1737414215	0.3231157245	0.2183769663	0.7174247374	0.1157687971
1220	0.1737028017	0.3232032683	0.219005197	0.7175557553	0.1158688471
1225	0.1736619249	0.3232908121	0.2188095437	0.7173644203	0.1159188721
1230	0.1736310873	0.3236284809	0.2191542994	0.7182256077	0.1160689472
1235	0.173590926	0.3237410372	0.2189829637	0.71825441	0.1161689972
1240	0.1735553148	0.3237660497	0.2195296259	0.7182318102	0.1160689472
1245	0.1735142388	0.3239411372	0.2198300539	0.719722864	0.1163690972
1250	0.1734759947	0.3240536935	0.2199893002	0.7191531347	0.1164691473
1255	0.1734399485	0.3241662498	0.2199509477	0.7186101865	0.1164191223
1260	0.1734109565	0.324128731	0.2201254794	0.7193084784	0.1164691473
1265	0.1733816455	0.3243788561	0.2206222556	0.7207941113	0.1167192723
1270	0.1733505785	0.3244663999	0.2202041298	0.7212308196	0.1167192723
1275	0.1733237645	0.3245539436	0.2211143072	0.7217804992	0.1168693474
1280	0.1732931811	0.3247540437	0.2212593797	0.7206991314	0.1168693474
1285	0.1732602789	0.3247915624	0.2211423767	0.7220450425	0.1169693974
1290	0.1732331963	0.3250667	0.2220321272	0.7231650469	0.1172195225
1295	0.1731910777	0.3250792063	0.2223140737	0.7228097286	0.1171194724
1300	0.173158658	0.3252542938	0.2223568729	0.7230333262	0.1172195225
1305	0.1731255579	0.3256544939	0.2226732811	0.7226785548	0.1172695475
1310	0.1730975175	0.3258921127	0.2229424434	0.7236827962	0.1175696975
1315	0.1730682883	0.3256920127	0.2231028014	0.7230023278	0.1174196225
1320	0.173023723	0.3257295314	0.2231461564	0.7235785774	0.1174696475
1325	0.1729958685	0.3259421377	0.2239120949	0.7237800671	0.1176697476
1330	0.1729623173	0.3260922128	0.223968512	0.7244271855	0.1178698476
1335	0.1729241611	0.3262047691	0.2248850814	0.7228791893	0.1176197226
1340	0.1728949776	0.3263298316	0.2248175477	0.722841075	0.1176197226
1345	0.1728599434	0.3265924629	0.2246309266	0.7233798059	0.1177197726
1350	0.1728197831	0.3267050192	0.2246758101	0.7243555227	0.1179698976
1355	0.1727810774	0.326842588	0.2245378245	0.7249780562	0.1182200227
1360	0.1727496245	0.3269801567	0.2253329442	0.7252907125	0.1182700477
1365	0.1727237461	0.3272803068	0.2257514869	0.7251502914	0.1184201228
1370	0.1726880913	0.3274929131	0.2262125507	0.7254590603	0.1185701978
1375	0.1726531729	0.3277055194	0.2264915791	0.7263702301	0.1187702978
1380	0.1726174584	0.3279681507	0.2265015841	0.7272581741	0.1190204229
1385	0.1725799325	0.3281557445	0.2263560947	0.7275472075	0.1191204729
1390	0.1725551413	0.3282057696	0.2266062198	0.72802046	0.1191204729
1395	0.1725114886	0.3283433383	0.2267821411	0.7279138241	0.119220523
1400	0.1724712095	0.3283308321	0.2276720305	0.7279706291	0.1191204729
1405	0.1724341107	0.3283683508	0.2274478906	0.7279303296	0.1191704979
1410	0.1724007135	0.3285309321	0.2275376577	0.7284959388	0.119370598
1415	0.1723692063	0.3285434384	0.227510144	0.728117972	0.119270548
1420	0.1723358341	0.3285559446	0.2280584737	0.7272911697	0.1190204229
1425	0.1722995268	0.3287310322	0.2280301262	0.7275532055	0.1190704479
1430	0.1722687691	0.3286559947	0.2280530543	0.7269243196	0.1189703979
1435	0.1722339314	0.3284183759	0.2280825135	0.7269445678	0.1188203229
1440	0.1722077043	0.3286309822	0.2284785448	0.7271946929	0.1189703979
1445	0.1721772994	0.3286685009	0.2287144961	0.7273072492	0.1189703979
1450	0.172148886	0.3289061197	0.229218915	0.7284167325	0.119370598
1455	0.1721165941	0.3290812073	0.229358985	0.7283037972	0.119470648
1460	0.1720870551	0.328868601	0.2291638875	0.7283871722	0.119420623
1465	0.1720525123	0.3291437385	0.2296132789	0.7284836491	0.119570698
1470	0.1720241009	0.3292062698	0.2295731199	0.7286420616	0.1196707481
1475	0.1719940332	0.3296439887	0.2299710967	0.7293054885	0.1198208231
1480	0.1719666757	0.3298315825	0.2301931521	0.7300975512	0.1199208731
1485	0.171938054	0.3296439887	0.2300628092	0.7299404797	0.1201209732
1490	0.1719072996	0.3297690512	0.2305552776	0.7299196359	0.1200709482
1495	0.1718758076	0.3298691012	0.2305185926	0.7297409752	0.1200709482
1500	0.1718420452	0.3303068201	0.2301807848	0.7303766105	0.1204711483
1505	0.1718072719	0.3302943138	0.2303975599	0.7309070039	0.1207212733
1510	0.17177444	0.3303443388	0.2307406481	0.730842686	0.1207212733
1515	0.1717457032	0.3303568451	0.2310740092	0.730547448	0.1205211733
1520	0.1717163043	0.3305444389	0.2311252849	0.7304988126	0.1206212233
1525	0.1716823821	0.3304568951	0.2308751598	0.730539477	0.1206212233
1530	0.171651937	0.3307945639	0.2310366294	0.7307526789	0.1207212733
1535	0.1716213279	0.3310697015	0.2311230615	0.7316745684	0.1209213734
1540	0.1715956119	0.3310321828	0.2312720249	0.7302887745	0.1209213734
1545	0.1715655295	0.3312072703	0.231538825	0.7301090344	0.1207212733
1550	0.1715297928	0.3312447891	0.2315110333	0.7304837944	0.1208213234
1555	0.1714912649	0.3313198266	0.2315939914	0.7308858117	0.1209213734
1560	0.1714628589	0.3313698516	0.2316479073	0.7312609993	0.1209713984
1565	0.1714317468	0.3314699016	0.2314769885	0.7318557411	0.1211714984
1570	0.1714037623	0.3314699016	0.231819104	0.7319265106	0.1212215235
1575	0.1713772341	0.3313198266	0.2317576844	0.7316263605	0.1210714484
1580	0.171345092	0.3314699016	0.2318028459	0.7316305293	0.1211714984
1585	0.1713137995	0.3317700517	0.2327383136	0.7324267302	0.1214716485
1590	0.1712873785	0.3321077205	0.2331472681	0.7332563116	0.1216717486
1595	0.1712524927	0.3322577956	0.2332273081	0.7335758166	0.1218718486
1600	0.1712198347	0.3322202768	0.2332221666	0.7333590416	0.1217217736
1605	0.1711881632	0.3323453393	0.2334650659	0.7332042023	0.1217217736
1610	0.1711575317	0.3325329331	0.2337497916	0.734329765	0.1220219237
1615	0.1711235063	0.3324078706	0.2338459508	0.7341986173	0.1219718986
1620	0.1710898987	0.3326079707	0.2341242844	0.7339109735	0.1219218736
1625	0.1710490801	0.3330081708	0.2344380524	0.7343041445	0.1222220237
1630	0.1710195842	0.3328080707	0.2346919293	0.7341700497	0.1223220737
1635	0.1709941268	0.332920627	0.2347919793	0.7339894038	0.1222220237
1640	0.1709659492	0.3330832083	0.2347990662	0.7354014193	0.1225721988
1645	0.1709248581	0.3330957145	0.2346908176	0.7355383926	0.1226722488
1650	0.1708940656	0.3331832583	0.2350725363	0.7355314627	0.1226222238
1655	0.1708687413	0.3334959146	0.2351227002	0.7359177489	0.1228223239
1660	0.1708321298	0.3334208771	0.2350793452	0.7353373	0.1226222238
1665	0.170792442	0.3335209271	0.2355055305	0.7350401331	0.1226722488
1670	0.1707650364	0.3337335334	0.2360255128	0.7362355541	0.1230224239
1675	0.1707391763	0.333958646	0.2358315269	0.7361035436	0.1230724489
1680	0.1707083731	0.3339211272	0.2360412151	0.7359139647	0.1230224239
1685	0.1706852176	0.3341337335	0.2363883331	0.7362355541	0.1231224739
1690	0.1706588589	0.3340336835	0.2366448502	0.7355880081	0.1229723989
1695	0.1706256084	0.3342587961	0.2366695848	0.7359492998	0.1231224739
1700	0.1705958796	0.3343713523	0.2368549553	0.7364721307	0.123222524
1705	0.1705635294	0.3342963148	0.2368666278	0.7365912073	0.123272549
1710	0.1705354785	0.3346464899	0.2370984103	0.7375541888	0.123422624
1715	0.1704959271	0.3345089211	0.2371499639	0.7375236676	0.123372599
1720	0.1704739526	0.3347090212	0.2378428103	0.737773346	0.123522674
1725	0.1704394787	0.334996665	0.2382749708	0.7379786074	0.1236727491
1730	0.1704135388	0.33484659	0.2380820966	0.7382172684	0.123472649
1735	0.1703908838	0.3349841587	0.2385250959	0.7376183578	0.123522674
1740	0.170361076	0.3352467901	0.2380427714	0.7386598508	0.1238228241
1745	0.1703360608	0.3355594464	0.2380377689	0.7389975196	0.1239228741
1750	0.1703018332	0.3356720027	0.2381885387	0.7393626914	0.1240729492
1755	0.1702715451	0.3356469902	0.2385376021	0.7389082975	0.1238728491
1760	0.170240101	0.3358470902	0.238791757	0.7393931891	0.1241229742
1765	0.1702109374	0.3359471402	0.2390534156	0.7394706087	0.1242230242
1770	0.1701792839	0.335934634	0.2387641043	0.7393941816	0.1242730492
1775	0.1701411212	0.3360096715	0.2389080651	0.7393264394	0.1242730492
1780	0.1701112391	0.3362222778	0.239829637	0.7406544844	0.1245231743
1785	0.1700842271	0.3365849591	0.2400040298	0.7416406918	0.1248233244
1790	0.1700595374	0.3366725029	0.2402444278	0.7419622812	0.1250234244
1795	0.1700411226	0.3367225279	0.2401157523	0.7419220825	0.1250234244
1800	0.1700121004	0.3367475404	0.2399904119	0.7428572723	0.1251734994
1805	0.1699837448	0.3367850592	0.2402841699	0.7431595068	0.1251234744
1810	0.1699599487	0.337022678	0.2402216386	0.743114643	0.1251734994
1815	0.1699308516	0.3372227781	0.2405601412	0.7439063268	0.1254736495
1820	0.1699010395	0.3372227781	0.2406180868	0.7448391525	0.1255736995
1825	0.1698711381	0.3373603468	0.2415602246	0.7446533453	0.1255236745
1830	0.1698363279	0.3372227781	0.2417997888	0.744574518	0.1255736995
1835	0.1698093409	0.3374854094	0.2416185871	0.7449450586	0.1258738496
1840	0.1697780863	0.3377355344	0.2415257629	0.7448419136	0.1258238246
1845	0.169743089	0.3378856095	0.2419379134	0.7451325111	0.1259738996
1850	0.1697068079	0.3377105219	0.2419784892	0.7446679931	0.1258238246
1855	0.1696781184	0.3379981657	0.241742399	0.7450237265	0.1259738996
1860	0.1696518097	0.337960647	0.2421114724	0.7447944452	0.1259738996
1865	0.1696297718	0.3382482908	0.2422507087	0.7454788152	0.1261739997
1870	0.1695937036	0.3382357846	0.2424474737	0.7453766808	0.1260739497
1875	0.1695638781	0.3383858596	0.2425746206	0.7455642746	0.1260739497
1880	0.1695325858	0.3384233784	0.2422615474	0.7457657642	0.1261739997
1885	0.1695062852	0.3385609471	0.2430051137	0.7453397576	0.1263740997
1890	0.1694811285	0.3386609972	0.2434180979	0.7459956411	0.1264741498
1895	0.169461296	0.3387110222	0.2433038742	0.7459664598	0.1264741498
1900	0.1694278793	0.3386359847	0.2433686288	0.7460127436	0.1264241248
1905	0.1694001764	0.3387485409	0.2438013451	0.7460647538	0.1265241748
1910	0.1693700181	0.3388736035	0.2438629037	0.7462731913	0.1266242248
1915	0.1693332051	0.3388610972	0.2445657551	0.7459811192	0.1266742498
1920	0.169302874	0.3390737035	0.2447655772	0.7458568507	0.1265241748
1925	0.1692835799	0.3391862598	0.2452605469	0.7460146677	0.1266242248
1930	0.1692538071	0.3391612473	0.2452919515	0.746077199	0.1266742498
1935	0.1692293871	0.3394488911	0.2453222445	0.7464285651	0.1268243249
1940	0.1692089194	0.3395364349	0.2451739759	0.7463911877	0.1268243249
1945	0.169176097	0.3394113724	0.2460118948	0.7462742461	0.1267242748
1950	0.1691396023	0.3394989161	0.2462470124	0.7462460268	0.1267742998
1955	0.169116884	0.3396740037	0.2468248013	0.7467025051	0.1270744499
1960	0.1690831614	0.3397365349	0.2466484631	0.7467739694	0.1271244749
1965	0.169050775	0.3397865599	0.2469775165	0.7464752089	0.1270244249
1970	0.1690209534	0.3398741037	0.2469769607	0.7465693216	0.1270744499
1975	0.1689959318	0.33998666	0.2477932022	0.7475440153	0.12727455
1980	0.1689696934	0.3399241287	0.2475993552	0.7469259243	0.1270744499
1985	0.1689401417	0.3400616975	0.247743594	0.7477477638	0.127324575
1990	0.1689000631	0.3401992663	0.2479364682	0.7479353576	0.127424625
1995	0.1688681331	0.3404368851	0.2477818076	0.7478603201	0.12747465
2000	0.1688378644	0.3404744039	0.2480235951	0.7482918879	0.1275747
2005	0.1688086507	0.3407120227	0.2481344839	0.749216129	0.1278748501
2010	0.168781999	0.3406745039	0.2479766272	0.7496107707	0.1279248751
2015	0.1687551509	0.3407245289	0.2482234173	0.7495567183	0.1279749001
2020	0.1687260382	0.3406119727	0.2480201212	0.7490763194	0.1279749001
2025	0.1686944521	0.3409871602	0.2484247679	0.7495483961	0.1280249252
2030	0.1686646368	0.340974654	0.2480837641	0.7492446728	0.1279749001
2035	0.1686421853	0.3412372853	0.2484117059	0.750178473	0.1281750002
2040	0.1686181691	0.3412497916	0.2487468734	0.7502826918	0.1282750502
2045	0.1685923952	0.3412122728	0.2488423378	0.7491204043	0.1280249252
2050	0.168564047	0.3412372853	0.2486188928	0.7496478505	0.1280749502
2055	0.1685339392	0.3412372853	0.2487025457	0.7501576292	0.1281750002
2060	0.1685087067	0.3412372853	0.2488388639	0.7504097394	0.1283250752
2065	0.1684730838	0.3413873603	0.2490967706	0.7503847269	0.1282250252
2070	0.1684433986	0.3414248791	0.2488299705	0.7501450237	0.1280749502
2075	0.1684114207	0.3416249792	0.2487374243	0.7506003796	0.1282250252
2080	0.1683831576	0.3416875104	0.2493427269	0.7509846988	0.1283751002
2085	0.1683514533	0.3415999666	0.24994664	0.7510152696	0.1283250752
2090	0.1683243669	0.3417875604	0.2504057584	0.7519512715	0.1286752503
2095	0.1682980085	0.3418751042	0.250343644	0.7524430428	0.1288253254
2100	0.1682746986	0.3419751542	0.2504595353	0.752545872	0.1287753003
2105	0.1682509692	0.3420376855	0.2502756934	0.7525033152	0.1288753504
2110	0.1682270745	0.3421377355	0.2505469401	0.7521469863	0.1287753003
2115	0.1681966905	0.3425004169	0.2504011728	0.7531850053	0.1290754504
2120	0.1681647195	0.3425379356	0.2505581958	0.7532336407	0.1291254754
2125	0.1681373717	0.3424003669	0.25089781	0.7525610822	0.1288253254
2130	0.1681138621	0.3425129231	0.2511029126	0.7521594953	0.1289754004
2135	0.1680843837	0.3427755544	0.2508751598	0.7532600456	0.1291755004
2140	0.1680610519	0.3430131733	0.2508766883	0.7536790312	0.1292755505
2145	0.1680389212	0.3429631482	0.2513822189	0.7533205186	0.1292755505
2150	0.168016471	0.3429256295	0.2515361848	0.7540309748	0.1294756505
2155	0.1679849291	0.3431132233	0.2515889889	0.7540458813	0.1294256255
2160	0.1679508325	0.3432257796	0.25245998	0.7533427519	0.1290754504
2165	0.167912171	0.3434633984	0.252833778	0.7536230688	0.1292255255
2170	0.1678895107	0.3433258296	0.2531033572	0.7535647063	0.1291755004
2175	0.167862458	0.3435384359	0.2535630315	0.7540871898	0.1293756005
2180	0.1678242941	0.3437635484	0.2534710411	0.7539249559	0.1295256755
2185	0.1677991868	0.3437135234	0.2538770774	0.7544537917	0.1295757005
2190	0.1677659725	0.3436384859	0.2537428436	0.7539710107	0.1295757005
2195	0.1677363788	0.3437135234	0.2539565616	0.7535749793	0.1296257256
2200	0.1677028505	0.3438010672	0.2538790228	0.7544009144	0.1298258256
2205	0.1676757522	0.3437635484	0.2537978712	0.7542841894	0.1297758006
2210	0.167649346	0.3438761047	0.2538943083	0.7544898478	0.1298758506
2215	0.1676308522	0.3439511422	0.2541677783	0.753661729	0.1296757506
2220	0.1676013739	0.3441012173	0.2545496359	0.7537505893	0.1298758506
2225	0.1675785013	0.344188761	0.254349258	0.7548933323	0.1299759006
2230	0.167554983	0.3442763048	0.255030154	0.7551602317	0.1302260257
2235	0.1675316781	0.3442512923	0.2555687566	0.7549476254	0.1302760507
2240	0.1675057061	0.3443638486	0.2553100161	0.7548642503	0.1302760507
2245	0.1674776697	0.3444263799	0.2555720916	0.7554645505	0.1304261258
2250	0.1674504653	0.3447765549	0.2554603691	0.7558750732	0.1306762508
2255	0.1674222027	0.3447140237	0.25575107	0.7554869823	0.1305762008
2260	0.1673993753	0.3448390862	0.2559542271	0.7560368785	0.1307262758
2265	0.1673745065	0.3446639987	0.2556262854	0.7550286363	0.1305762008
2270	0.1673428514	0.3449016175	0.2566686121	0.7548085768	0.1303260757
2275	0.1673226646	0.3449641487	0.2568303596	0.7549197435	0.1303260757
2280	0.1672967687	0.3450641988	0.2569953032	0.7549316542	0.1303260757
2285	0.1672659674	0.3451392363	0.2572832249	0.7557681836	0.1306262258
2290	0.1672442744	0.3452392863	0.257476655	0.7559349336	0.1305762008
2295	0.1672204997	0.3452642988	0.2575739259	0.7560599961	0.1306262258
2300	0.1671936491	0.3453143238	0.2571278695	0.756049307	0.1305762008
2305	0.1671694636	0.3453393363	0.2574109277	0.756065188	0.1305762008
2310	0.1671469665	0.3453643488	0.2575585015	0.756315313	0.1306262258
2315	0.1671197703	0.3455394364	0.2577963982	0.7568683673	0.1308763509
2320	0.1670960477	0.3455269301	0.2581115558	0.7559929296	0.1306762508
2325	0.1670646193	0.3457020177	0.2581329554	0.7561833026	0.1307763008
2330	0.1670392347	0.3456519927	0.257970652	0.7561870924	0.1307763008
2335	0.1670181802	0.3458270802	0.258097382	0.7566512133	0.1309263759
2340	0.166996222	0.3459271302	0.2577822244	0.7566520074	0.1310264259
2345	0.166973484	0.3460772053	0.2578166861	0.7562351323	0.1309263759
2350	0.1669550629	0.345914624	0.2577516536	0.7570986593	0.1311264759
2355	0.166930975	0.3459521427	0.2583408371	0.7568118095	0.1311264759
2360	0.1669041866	0.3460772053	0.2589248791	0.7568137044	0.1311765009
2365	0.1668797804	0.3463023178	0.2586544661	0.757367643	0.131326576
2370	0.1668569643	0.3463023178	0.2587295036	0.7573569233	0.131226526
2375	0.1668276215	0.3462898116	0.2586689178	0.7571012399	0.1311765009
2380	0.1668040906	0.3463148241	0.2589375243	0.7573020086	0.131276551
2385	0.1667731984	0.3463898616	0.2588591518	0.7576771962	0.131376601
2390	0.1667512235	0.3466149742	0.2593509255	0.7579398275	0.131476651
2395	0.1667213173	0.3465149241	0.2592183592	0.7579870003	0.131476651
2400	0.166691974	0.3465899616	0.2598233839	0.7582996566	0.131476651
2405	0.1666674588	0.3464899116	0.2596232839	0.7588374255	0.131526676
2410	0.1666436874	0.3465399366	0.2600459952	0.7581309214	0.131226526
2415	0.1666119167	0.3467525429	0.2604670391	0.7591619925	0.131476651
2420	0.1665917115	0.3469151242	0.260550831	0.7592147967	0.131526676
2425	0.1665653437	0.3468776055	0.2612943972	0.7597366846	0.131576701
2430	0.1665426559	0.3469151242	0.2612743872	0.7591565073	0.131476651
2435	0.1665186251	0.3469901617	0.2613415041	0.7589063822	0.131476651
2440	0.1664969438	0.347102718	0.2614615641	0.7595295113	0.131576701
2445	0.1664712233	0.3472903118	0.2616738925	0.7594557641	0.131476651
2450	0.1664469095	0.3472402868	0.2617097438	0.7596433579	0.1316267261
2455	0.1664260372	0.3473028181	0.2621741426	0.7592931828	0.131476651
2460	0.1664004149	0.3475029181	0.2626339559	0.7601034093	0.1316267261
2465	0.1663789287	0.3474028681	0.2623621533	0.7596281717	0.131526676
2470	0.1663538762	0.3476154744	0.2630345728	0.7593676248	0.131576701
2475	0.166330754	0.3477405369	0.2628428103	0.7603055938	0.1316767511
2480	0.166311474	0.3479781557	0.2630587516	0.7606384983	0.1319268761
2485	0.1662831973	0.3480656995	0.2634464454	0.7607877793	0.1319769011
2490	0.166256523	0.3480656995	0.2630033072	0.7609441318	0.1320269262
2495	0.166233957	0.347890612	0.2625113946	0.7600507197	0.1318768511
2500	0.1662097957	0.3481157245	0.2631083597	0.7608203353	0.1320269262
2505	0.1661835624	0.3481782558	0.2635010561	0.7612388137	0.1320269262
2510	0.1661583009	0.3482407871	0.2635660886	0.7610845699	0.1320769512
2515	0.166136838	0.3484408871	0.2635434384	0.7615222888	0.1320769512
2520	0.1661093828	0.3486284809	0.2636835084	0.7616723638	0.1321770012
2525	0.1660870857	0.3487535434	0.2636936524	0.7612349122	0.1321770012
2530	0.1660637624	0.3487535434	0.2639958868	0.7604741151	0.1320769512
2535	0.166039217	0.3485909621	0.2641643044	0.7605741652	0.1321269762
2540	0.166011308	0.3487285309	0.2641133067	0.7622662991	0.1325772013
2545	0.1659889509	0.3488160747	0.2639849091	0.7621412366	0.1325271763
2550	0.1659694826	0.3489911622	0.2640839864	0.7622440658	0.1325271763
2555	0.1659458066	0.3490661998	0.264496137	0.7624727515	0.1325772013
2560	0.1659172252	0.3491037185	0.2650522483	0.7632229129	0.1327773013
2565	0.1658886936	0.3490161748	0.2649634539	0.7631880741	0.1327773013
2570	0.1658633558	0.3492412873	0.2649359402	0.7631476769	0.1329273764
2575	0.1658350418	0.3494663999	0.2653515647	0.7633331863	0.1331274764
2580	0.1658037656	0.3494288811	0.2654157634	0.762919518	0.1329774014
2585	0.1657720374	0.3497040187	0.2653760213	0.7628083513	0.1328773514
2590	0.1657514402	0.3497790562	0.2650430771	0.7629844494	0.1329273764
2595	0.1657295412	0.3498666	0.2650155633	0.763109512	0.1329774014
2600	0.1657066685	0.34996665	0.2650910177	0.7629698588	0.1329774014
2605	0.1656773255	0.350116725	0.2656253127	0.7630244878	0.1331274764
2610	0.1656502483	0.3501917625	0.2661943472	0.7630913988	0.1331775014
2615	0.165621984	0.35016675	0.2664215441	0.7631090844	0.1332275265
2620	0.1655955401	0.3502793063	0.2666358179	0.7632460576	0.1332775515
2625	0.1655625576	0.3504669001	0.2664999166	0.7636045702	0.1333275765
2630	0.1655427493	0.3505294314	0.2666299817	0.7646530111	0.1336277266
2635	0.165519937	0.3506795064	0.2666775054	0.7646752445	0.1336277266
2640	0.1654974351	0.3506419877	0.2673590962	0.7648743093	0.1335777015
2645	0.1654709713	0.3506795064	0.2675446056	0.7648381802	0.1336777516
2650	0.1654458989	0.3507170252	0.2676817575	0.7649930195	0.1337778016
2655	0.1654288917	0.3507170252	0.2681957645	0.7655660333	0.1338778516
2660	0.1654001347	0.3508796065	0.2682141071	0.7653943204	0.1338278266
2665	0.1653742514	0.351004669	0.2684083709	0.7656667781	0.1337277766
2670	0.1653504039	0.3510421878	0.2685549719	0.7646704466	0.1336777516
2675	0.1653197343	0.3510797065	0.2690857929	0.7645981702	0.1337277766
2680	0.1652963263	0.3512923128	0.2691245623	0.7657502038	0.1339779016
2685	0.1652756698	0.3513298316	0.2693488411	0.765832884	0.1339779016
2690	0.1652496807	0.3512547941	0.2693249402	0.7657673751	0.1339278766
2695	0.1652240408	0.3514298816	0.2704930243	0.7658606757	0.1340279267
2700	0.1651973683	0.3516800067	0.2708131844	0.7659339446	0.1340779517
2705	0.1651743905	0.3519301317	0.2708990606	0.7665814906	0.1341780017
2710	0.1651445916	0.351992663	0.2711502974	0.7672320324	0.1343781017
2715	0.1651207816	0.352042688	0.2709385248	0.7672639928	0.1343781017
2720	0.1650982332	0.3523053193	0.2715499416	0.7674863262	0.1344781518
2725	0.1650749351	0.3524303819	0.27178895	0.767363348	0.1345281768
2730	0.1650459199	0.3523678506	0.2719165138	0.7675308616	0.1346282268
2735	0.165028675	0.3527055194	0.2716647212	0.7676718051	0.1347282768
2740	0.1650034018	0.3525429381	0.2720324051	0.7679065454	0.1347282768
2745	0.1649821818	0.3526054694	0.2722703018	0.7680871913	0.1348283269
2750	0.1649620758	0.3527180257	0.2723044856	0.7687110151	0.1349784019
2755	0.164941574	0.3527555444	0.2732838642	0.7686395508	0.1349283769
2760	0.1649221709	0.3527680507	0.2731279529	0.7686812383	0.1349283769
2765	0.164893003	0.352880607	0.2729814907	0.7687527026	0.1349784019
2770	0.1648632083	0.3528430882	0.2728180757	0.7689659045	0.1350784519
2775	0.1648377523	0.3527180257	0.2732113279	0.7687658044	0.1349784019
2780	0.1648192263	0.3528180757	0.2732079929	0.7691906381	0.1351284769
2785	0.1647962352	0.352980657	0.2730579178	0.7691013077	0.1351284769
2790	0.1647753349	0.3529556445	0.273037352	0.7687681866	0.1349784019
2795	0.1647505976	0.3532808071	0.2732834473	0.7696122594	0.135328577
2800	0.1647273921	0.353080707	0.2737991218	0.7697853618	0.135228527
2805	0.1647055459	0.3533308321	0.2737468734	0.7707906264	0.135478652
2810	0.1646783955	0.3534308821	0.2739357179	0.7707622572	0.135478652
2815	0.1646541636	0.3534433884	0.2742813073	0.7712553609	0.1356787521
2820	0.1646364758	0.3535059196	0.2742985382	0.7710153419	0.1356787521
2825	0.1646090698	0.3534684009	0.2744101217	0.7708531757	0.1356287271
2830	0.1645864197	0.3536810072	0.2745511645	0.7709984864	0.1356787521
2835	0.1645639794	0.3537685509	0.2745041965	0.7709699007	0.1356287271
2840	0.1645406136	0.3539811572	0.2747468179	0.7714145675	0.1356287271
2845	0.1645181433	0.3542437886	0.2749030071	0.772427195	0.1358788521
2850	0.1644958277	0.3542187761	0.274989995	0.7728375012	0.1358288271
2855	0.164472886	0.3544563949	0.2752209438	0.7723872761	0.1358288271
2860	0.1644530253	0.3544438886	0.2752581846	0.772253876	0.1357788021
2865	0.1644279397	0.3546564949	0.2751718915	0.7729416468	0.1358788521
2870	0.1644063219	0.3546189762	0.2749640098	0.7727606039	0.1358288271
2875	0.1643803138	0.3544939136	0.2749309377	0.7731926652	0.1360789522
2880	0.1643524072	0.3546940137	0.2751798121	0.7728972794	0.1360789522
2885	0.1643329504	0.3548315825	0.2751008838	0.7733816486	0.1362290272
2890	0.1643089438	0.3550942138	0.2752998722	0.7739972341	0.1363791022
2895	0.1642892054	0.3550817075	0.2752039909	0.7740141257	0.1364291273
2900	0.1642643001	0.3551817575	0.2757891446	0.7737886342	0.1365291773
2905	0.1642410022	0.3552317826	0.2756251737	0.7736266484	0.1366292273
2910	0.1642188701	0.3553568451	0.2754914957	0.7741894298	0.1367292773
2915	0.164198718	0.3556194764	0.2756724195	0.7741894298	0.1367292773
2920	0.1641771412	0.3556569952	0.2758133233	0.7738938275	0.1366792523
2925	0.1641561227	0.3557570452	0.2762718859	0.7743680906	0.1367292773
2930	0.1641344217	0.355844589	0.2767795009	0.7741735488	0.1367292773
2935	0.1641136822	0.3556569952	0.276635679	0.7741735488	0.1367292773
2940	0.1640907108	0.3557195264	0.2764200156	0.7741457572	0.1367292773
2945	0.1640704481	0.3558570952	0.276388611	0.774076278	0.1367292773
2950	0.1640496214	0.3560196765	0.2766679173	0.7742902739	0.1368793524
2955	0.1640239205	0.3560196765	0.2772484854	0.7743903239	0.1369293774
2960	0.1639993704	0.3560321828	0.2768027069	0.7746076043	0.1369293774
2965	0.1639750302	0.356094714	0.2768971986	0.7747910293	0.1369794024
2970	0.1639486134	0.3561697515	0.2773668779	0.7749411043	0.1369794024
2975	0.1639218837	0.3561197265	0.2777085765	0.7752013355	0.1369794024
2980	0.1638966613	0.3562197766	0.2777074648	0.7746007466	0.1369794024
2985	0.1638737466	0.3565574454	0.2777933411	0.7753511218	0.1371294774
2990	0.1638539716	0.3565699516	0.2781914568	0.7759555907	0.1372295275
2995	0.1638328324	0.3565449391	0.2783832194	0.7765221618	0.1373796025
3000	0.1638124269	0.3567200267	0.2787802234	0.7763554118	0.1373295775
3005	0.163787758	0.3568450892	0.2787285309	0.7764471243	0.1374296275
3010	0.1637652874	0.356832583	0.27908218	0.776319066	0.1373796025
3015	0.1637368799	0.356932633	0.2787624368	0.7761801077	0.1374296275
3020	0.1637101869	0.3570451893	0.2788181591	0.7761384202	0.1374296275
3025	0.1636839097	0.3570201768	0.2792521261	0.7765219453	0.1375296775
3030	0.1636633905	0.3571702518	0.2789371074	0.7768425601	0.1376797526
3035	0.1636383662	0.3571077205	0.2791969596	0.776525735	0.1375296775
3040	0.1636188957	0.3573453393	0.279185426	0.7774386915	0.1379298776
3045	0.1635882346	0.3572202768	0.2791295648	0.7779389416	0.1379799026
3050	0.1635625088	0.3572577956	0.2792171086	0.7784391918	0.1380299277
3055	0.1635376197	0.3573328331	0.279395948	0.7788908065	0.1381800027
3060	0.1635178913	0.3573828581	0.2798948085	0.7786660729	0.1379799026
3065	0.1634947569	0.3574578956	0.2799191262	0.7785701916	0.1378798526
3070	0.1634715318	0.3574954144	0.2801010227	0.778195004	0.1378798526
3075	0.1634483273	0.3576830082	0.2799516425	0.7777308831	0.1378298276
3080	0.1634260323	0.3578956145	0.2800993552	0.7786646833	0.1379799026
3085	0.1634042503	0.357870602	0.2797611306	0.7787063708	0.1379298776
3090	0.1633794879	0.3580456895	0.2796082764	0.7794275647	0.1380799527
3095	0.1633547854	0.3582082708	0.2803378078	0.7794283588	0.1381299777
3100	0.1633355671	0.3582958146	0.27981324	0.7795543958	0.1381800027
3105	0.1633134632	0.3584208771	0.2794997499	0.7795585646	0.1381299777
3110	0.1632883375	0.3583208271	0.2806494914	0.7792369752	0.1380299277
3115	0.1632644078	0.3585084209	0.2801046357	0.7795287878	0.1382300277
3120	0.1632409036	0.3584458896	0.2807295314	0.7795484946	0.1382800527
3125	0.163215123	0.3584709021	0.2806757545	0.7794281964	0.1382800527
3130	0.1631921841	0.3587210272	0.2807071591	0.7794903487	0.1384301278
3135	0.1631701562	0.3587585459	0.2806011339	0.7793712415	0.1383300777
3140	0.1631420029	0.359008671	0.2806385137	0.7798589854	0.1383801027
3145	0.1631199683	0.3589711522	0.280887805	0.7798264294	0.1383300777
3150	0.1631014062	0.3591962648	0.2814799066	0.7802822128	0.1384801528
3155	0.163078849	0.3590837085	0.2816028848	0.7800466784	0.1384301278
3160	0.1630547453	0.3591337335	0.2815514702	0.7801342222	0.1383801027
3165	0.1630330569	0.3593338336	0.2816184481	0.7805372014	0.1385301778
3170	0.1630117715	0.3594839086	0.2816909844	0.7811632089	0.1386802528
3175	0.1629919795	0.3594839086	0.281875799	0.7811076256	0.1386302278
3180	0.1629593059	0.3595589461	0.2812135234	0.7809112972	0.1386302278
3185	0.1629371032	0.3596840087	0.2815136735	0.7811947723	0.1387803028
3190	0.1629178595	0.3595839586	0.2819909955	0.7809297588	0.1386802528
3195	0.162896774	0.3595089211	0.2816370685	0.7814320933	0.1388303279
3200	0.1628745548	0.3595589461	0.2815532766	0.7814678255	0.1388803529
3205	0.1628463902	0.3596214774	0.2815705075	0.7815553693	0.1389804029
3210	0.1628233117	0.3596089712	0.2817200267	0.7808834063	0.1389303779
3215	0.1628071938	0.3596464899	0.2815559168	0.7814479743	0.1390304279
3220	0.1627846278	0.3597465399	0.2817115502	0.781342763	0.1389804029
3225	0.1627646647	0.3598590962	0.2817193319	0.7811093129	0.1389804029
3230	0.1627394144	0.3599841587	0.2827850036	0.781542863	0.1391304779
3235	0.162716536	0.3598590962	0.2824048135	0.7812955171	0.1389804029
3240	0.1626915654	0.3598716025	0.2824620644	0.7815623172	0.1390304279
3245	0.1626678269	0.3599216275	0.2829666222	0.7813705546	0.1389804029
3250	0.1626456323	0.3599216275	0.2835182869	0.7818856932	0.1391805029
3255	0.1626199328	0.3600216775	0.2839699016	0.7822108557	0.139330578
3260	0.1625953462	0.3601342338	0.2843304986	0.7819211275	0.139230528
3265	0.1625716975	0.3603093213	0.2845947974	0.7819270829	0.139230528
3270	0.1625506948	0.3603218276	0.2849371908	0.7818020204	0.1391805029
3275	0.1625274146	0.3603218276	0.2848435329	0.7813764107	0.1391304779
3280	0.1625040434	0.3604468901	0.285070174	0.7815431608	0.1391805029
3285	0.1624867842	0.3603968651	0.2850780946	0.7809345231	0.1389804029
3290	0.162461898	0.3604093714	0.2847841977	0.7813930857	0.1390304279
3295	0.1624479961	0.3603718526	0.2845057251	0.7815598358	0.1390804529
3300	0.1624211153	0.3604343839	0.2852748597	0.7820434109	0.1390804529
3305	0.1623964507	0.3606970152	0.2849077316	0.7831377081	0.139330578
3310	0.1623769432	0.3608220777	0.2851097771	0.7820437087	0.139280553
3315	0.1623541974	0.360934634	0.2848217164	0.7820149244	0.1391805029
3320	0.1623350684	0.3610471903	0.2848867489	0.7821413766	0.139330578
3325	0.1623154257	0.3610722028	0.2849826302	0.7823331391	0.139380603
3330	0.162291928	0.3612723028	0.284806292	0.7825985496	0.139430628
3335	0.162272264	0.3612472903	0.2847337558	0.7829320497	0.139430628
3340	0.1622589055	0.3613223278	0.2853719916	0.7830320997	0.139480653
3345	0.1622397972	0.3613598466	0.2857888667	0.7840325999	0.139580703
3350	0.1622161766	0.3613348341	0.2864589239	0.7844633709	0.1396307281
3355	0.1621940322	0.3615849591	0.2861275082	0.7849743407	0.1398308281
3360	0.1621753722	0.3615724529	0.2863797176	0.7844580111	0.1397808031
3365	0.1621563661	0.3617350342	0.2863813851	0.7848582112	0.1399308781
3370	0.1621316852	0.361922628	0.2858869713	0.7855252113	0.1400309282
3375	0.1621073126	0.361872603	0.2863734645	0.7849276903	0.1398308281
3380	0.1620847531	0.3620977155	0.2867339225	0.7854628786	0.1400809532
3385	0.1620603094	0.361972653	0.2869138736	0.7852961285	0.1399308781
3390	0.1620380716	0.3621602468	0.2872293091	0.7859373221	0.1400309282
3395	0.1620141414	0.3622602968	0.2870139236	0.7862910704	0.1401810032
3400	0.1619871966	0.3622102718	0.2868834417	0.7854406452	0.1400809532
3405	0.1619644442	0.3623103218	0.2867706075	0.7853096273	0.1401309782
3410	0.1619439795	0.3623103218	0.2871231449	0.7855597524	0.1401810032
3415	0.1619221823	0.3623603468	0.2869601467	0.7859647168	0.1402310282
3420	0.1619048451	0.3624729031	0.2871598299	0.7863649169	0.1402310282
3425	0.1618853985	0.3625354344	0.2873028181	0.7867956878	0.1402810532
3430	0.1618634412	0.3626479907	0.2873078206	0.7868957379	0.1403310782
3435	0.161845769	0.3625854594	0.287226391	0.7869207504	0.1403310782
3440	0.1618223795	0.3628355845	0.2871938747	0.7872709255	0.1404311283
3445	0.1617997081	0.3628355845	0.2870971597	0.7871875504	0.1403811033
3450	0.161781147	0.3629356345	0.2873450614	0.7876044255	0.1404311283
3455	0.1617597609	0.3627480407	0.2874813796	0.78763718	0.1403811033
3460	0.1617376983	0.3629856595	0.2876481296	0.7879873551	0.1406312283
3465	0.1617177664	0.362960647	0.2880755656	0.7874354919	0.1406312283
3470	0.1616923768	0.3630982158	0.2879813518	0.7878978443	0.1407312783
3475	0.1616701124	0.3630982158	0.2879680118	0.7878978443	0.1407312783
3480	0.1616473314	0.3631732533	0.2880349897	0.7881062818	0.1407813034
3485	0.1616213127	0.3633108221	0.2884507532	0.7885398319	0.1408313284
3490	0.1615981476	0.3632107721	0.2887731366	0.787935363	0.1407813034
3495	0.1615767694	0.3633358346	0.2888321939	0.7875184879	0.1407813034
3500	0.1615410954	0.3634859096	0.2890164527	0.7881140238	0.1407813034
3505	0.1615209144	0.3635734534	0.2891595798	0.7884834392	0.1409814034
3510	0.1615045702	0.3635109221	0.2894633428	0.7883166892	0.1409313784
3515	0.1614873487	0.3636985159	0.2893955311	0.7885418018	0.1410314284
3520	0.1614622522	0.3638235785	0.2897985104	0.788765624	0.1411314784
3525	0.1614405588	0.3639861597	0.2900308488	0.7887239365	0.1411314784
3530	0.1614229608	0.364148741	0.2902259463	0.7890657741	0.1412815535
3535	0.1614015756	0.3641362348	0.2903209938	0.7881562915	0.1410814534
3540	0.161381144	0.364148741	0.2904746818	0.7887193888	0.1411815035
3545	0.1613558863	0.364198766	0.2909536713	0.7887421274	0.1412315285
3550	0.1613354007	0.3641862598	0.2908733533	0.7885920524	0.1412815535
3555	0.1613093236	0.3642237786	0.2914394697	0.7893644624	0.1414316285
3560	0.1612861056	0.3642362848	0.2909136513	0.7898647125	0.1414816535
3565	0.1612610743	0.3645489411	0.2911111111	0.7902796927	0.1415316785
3570	0.1612438188	0.3646990162	0.2907250848	0.7901268385	0.1416317286
3575	0.1612208166	0.3647865599	0.291208382	0.7902392053	0.1417818036
3580	0.161201698	0.3648615975	0.2914109833	0.7897603945	0.1417317786
3585	0.1611791003	0.3648240787	0.2914214051	0.7893574152	0.1417317786
3590	0.161159864	0.3648615975	0.2915650881	0.7888655026	0.1416317286
3595	0.161136568	0.3651242288	0.291124868	0.7901578154	0.1419318786
3600	0.1611147261	0.3651492413	0.2912044911	0.7895320967	0.1416817536
3605	0.1610924141	0.3652868101	0.2915171475	0.7899802374	0.1418818536
3610	0.161073095	0.3652367851	0.2918876105	0.7901628684	0.1419819037
3615	0.16105296	0.3653868601	0.2920474126	0.7900378059	0.1420319287
3620	0.1610296164	0.3655244289	0.2923425602	0.790354631	0.1419819037
3625	0.1610109504	0.3655494414	0.2920651993	0.7904935893	0.1420819537
3630	0.1609908882	0.3655244289	0.2924758212	0.7910216311	0.1420819537
3635	0.1609653517	0.3656494914	0.2922106887	0.7908215311	0.1421319787
3640	0.1609419148	0.3658620977	0.2921580235	0.7908679829	0.1422320287
3645	0.1609239076	0.3659371352	0.2919601467	0.791368233	0.1422820537
3650	0.1609020771	0.366074704	0.2920005836	0.7918851581	0.1424321288
3655	0.1608792922	0.3660371853	0.2919951642	0.7916886313	0.1423320787
3660	0.1608557298	0.3660621978	0.2923036518	0.7913384562	0.1422320287
3665	0.1608340675	0.3660872103	0.2920840976	0.7912384062	0.1421820037
3670	0.1608139994	0.3660997165	0.2921771997	0.7907464936	0.1420819537
3675	0.1607890157	0.3662873103	0.2929189595	0.7908715561	0.1420819537
3680	0.1607678607	0.3662247791	0.292923962	0.7903462935	0.1421319787
3685	0.1607461139	0.3664373854	0.2928910288	0.791318208	0.1423320787
3690	0.1607200704	0.3664623979	0.2929002001	0.7916564724	0.1424821538
3695	0.1606959681	0.3664623979	0.2929877439	0.7911590014	0.1424321288
3700	0.1606772956	0.3665124229	0.2935491357	0.791193741	0.1424821538
3705	0.1606565377	0.3664623979	0.2936985159	0.7914666047	0.1425321788
3710	0.160635543	0.3664749041	0.2932487077	0.7914061578	0.1423821038
3715	0.1606123003	0.3665624479	0.2935867934	0.7910559827	0.1423320787
3720	0.1605926487	0.3666499917	0.2934322717	0.7909934515	0.1422820537
3725	0.1605736088	0.3667250292	0.2932687177	0.7912574724	0.1424321288
3730	0.160556643	0.366862598	0.2935688678	0.791322873	0.1424821538
3735	0.1605337928	0.3668751042	0.2937410372	0.7910441623	0.1423821038
3740	0.1605111334	0.3669001167	0.2943780223	0.7910039636	0.1423821038
3745	0.160482643	0.3668500917	0.294462648	0.7910371241	0.1424321288
3750	0.160459273	0.3669001167	0.2946635818	0.7917353899	0.1425321788
3755	0.1604394734	0.3669876605	0.2947019343	0.7919959368	0.1425822038
3760	0.1604153774	0.366962648	0.2951486855	0.7920167806	0.1425321788
3765	0.1603978206	0.367012673	0.2954064532	0.7920001056	0.1424821538
3770	0.1603754413	0.3670752043	0.2957412039	0.7920626369	0.1425321788
3775	0.1603535118	0.3670877105	0.2960726196	0.7921090887	0.1426322288
3780	0.1603342655	0.3669251292	0.2967408704	0.7917439169	0.1424821538
3785	0.1603055251	0.3671877605	0.2967536546	0.7920682854	0.1426322288
3790	0.160280195	0.3675004169	0.2965752321	0.7923142417	0.1427823039
3795	0.1602599847	0.3675254294	0.2966598577	0.7924018757	0.1428323289
3800	0.16024012	0.3674754044	0.2970317103	0.7921517507	0.1427322788
3805	0.1602157026	0.3675129231	0.2974078706	0.7921282541	0.1428323289
3810	0.16019763	0.3676129732	0.2970557501	0.7924788081	0.1428823539
3815	0.160178948	0.3677005169	0.2972986493	0.7927948482	0.1429323789
3820	0.1601628232	0.3677130232	0.2969087321	0.7920686915	0.1427823039
3825	0.1601455789	0.367800567	0.2972489022	0.792360504	0.1428823539
3830	0.160125457	0.3677505419	0.2972611306	0.7923319183	0.1428823539
3835	0.1601074228	0.3677755544	0.29731324	0.792277129	0.1428823539
3840	0.1600827988	0.3677005169	0.2974251014	0.7925230853	0.1428823539
3845	0.1600632524	0.3677880607	0.2973208827	0.7924734268	0.1429323789
3850	0.1600450573	0.3680256795	0.2976713357	0.7929041977	0.1431324789
3855	0.1600267709	0.3681882608	0.2976104719	0.7935711979	0.143232529
3860	0.1600056206	0.368150742	0.2977587405	0.7936357143	0.143332579
3865	0.159989981	0.3683133233	0.2980098383	0.7937472961	0.143382604
3870	0.1599692232	0.3683633483	0.2982227225	0.793883376	0.143532679
3875	0.159948195	0.3682758046	0.2981782558	0.7942029803	0.1435827041
3880	0.1599278454	0.3684383859	0.2979646768	0.793949282	0.1435827041
3885	0.1599111194	0.3683508421	0.2983313879	0.7941681414	0.1435827041
3890	0.1598905135	0.3684508921	0.2982759435	0.7939680414	0.143482654
3895	0.1598726233	0.3685384359	0.2988362237	0.7934198506	0.143532679
3900	0.1598528402	0.3685509421	0.2986837863	0.7932764077	0.143382604
3905	0.1598342478	0.3686509922	0.298998527	0.7935825131	0.143482654
3910	0.1598117652	0.3686009672	0.2990466066	0.7931954148	0.143382604
3915	0.1597955465	0.3686760047	0.2993676005	0.7929452897	0.143282554
3920	0.1597775238	0.3688010672	0.2997384804	0.7937790399	0.143482654
3925	0.1597581269	0.3688510922	0.299779751	0.7939993882	0.143532679
3930	0.1597380779	0.3688260797	0.2998403368	0.7939425832	0.143532679
3935	0.1597157767	0.3687885609	0.2999109277	0.7938008457	0.143482654
3940	0.1596952594	0.3688761047	0.3000623923	0.7943861762	0.1436327291
3945	0.1596771847	0.368838586	0.3003257184	0.7942900784	0.1435827041
3950	0.1596541681	0.3692262798	0.2999485854	0.7952248893	0.1438328291
3955	0.1596378684	0.369188761	0.2999117614	0.7948913892	0.1436827541
3960	0.1596151062	0.3691262298	0.3002380357	0.7949747642	0.1436827541
3965	0.1595920075	0.3692763048	0.3005319326	0.7951936236	0.1437327791
3970	0.1595695314	0.3694138736	0.3009428325	0.7950149629	0.1437828041
3975	0.1595544263	0.3693888611	0.3008041521	0.7941040908	0.1437327791
3980	0.1595362056	0.3693888611	0.301048024	0.7927534154	0.143532679
3985	0.1595170965	0.3694889111	0.3014323829	0.7933370406	0.1435827041
3990	0.1594974971	0.3695264299	0.3016196987	0.7952129785	0.1438828541
3995	0.1594777732	0.3695764549	0.3017264188	0.7948521921	0.1438828541
3999	0.1594643922	0.3697140237	0.3018503696	0.7952169578	0.1440329292
