iter	AverageGain:top=10	MAP:top=5	RecallAt:top=10	PrecisionAt:top=10
0	0.2023928631	0.05043855261	0.5287888641	0.04508345443
5	0.2334083709	0.07054165972	0.554062088	0.05313748144
10	0.2413873603	0.07136137513	0.5631901453	0.05688935738
15	0.2444638986	0.07294522261	0.5683582988	0.05798990765
20	0.2458270802	0.07384789617	0.5716608218	0.05909045793
25	0.2490411873	0.07878494803	0.5727986136	0.05969075808
30	0.2492162748	0.08015438275	0.5735079836	0.06014098319
35	0.2497915624	0.08018064588	0.5754448772	0.06049115828
40	0.2503418376	0.0820350453	0.576691561	0.06089135838
45	0.2518801067	0.08161719749	0.5780690437	0.06124153347
50	0.2523928631	0.08241662498	0.5778430108	0.06154168354
55	0.2526179757	0.0825223723	0.5778351652	0.06159170855
60	0.2537310322	0.08534892446	0.5820751491	0.06269225883
65	0.2541437385	0.08674879106	0.5809549754	0.06264223382
70	0.2550191763	0.08779500862	0.584249798	0.06324253397
75	0.2552192763	0.08829637041	0.5855943384	0.06364273407
80	0.2562072703	0.0899502529	0.5869461794	0.06409295918
85	0.2565324329	0.09030195653	0.5890524658	0.06464323432
90	0.2574078706	0.09282571841	0.5928181968	0.06564373457
95	0.257820577	0.09366613862	0.5931067133	0.06574378459
100	0.258120727	0.09382983158	0.5947952741	0.0661940097
105	0.2582958146	0.09410774832	0.5950398102	0.06654418479
110	0.2586084709	0.09484089267	0.5953020445	0.06679430985
115	0.258958646	0.09490884331	0.5966878851	0.06709445993
120	0.2593588461	0.09568881663	0.5978682247	0.06744463502
125	0.2599091212	0.09650339058	0.5990755744	0.06764473507
130	0.2597965649	0.09735298205	0.5981518983	0.06759471005
135	0.2603343338	0.09858095715	0.5999962137	0.06809496018
140	0.2608095715	0.1000289033	0.6011945401	0.0685952103
145	0.2612723028	0.1006957645	0.6013859237	0.06889536038
150	0.2614473904	0.1007828914	0.601360609	0.06909546043
155	0.2618600967	0.1017205825	0.6018644448	0.06914548544
160	0.262122728	0.1031535212	0.6020603761	0.06929556048
165	0.2624854094	0.1035692846	0.6028172235	0.06949566053
170	0.2625979656	0.1040584181	0.6030666883	0.06944563552
175	0.2628355845	0.1049545606	0.6043452487	0.0697958106
180	0.263010672	0.1055688956	0.6043022003	0.06999591065
185	0.2633483408	0.1058426435	0.6053574898	0.07009596068
190	0.2637360347	0.1062527097	0.6054742149	0.07024603572
195	0.264198766	0.1066562448	0.6074208078	0.07064623582
200	0.2645864599	0.1071186982	0.6086634746	0.07084633587
205	0.2647990662	0.1079649547	0.6091887372	0.07109646093
210	0.2647490412	0.1083490356	0.6090602107	0.07124653597
215	0.2647115224	0.1088811072	0.6086179441	0.07109646093
220	0.2648991162	0.1085399644	0.6088420641	0.07124653597
225	0.26488661	0.1095465788	0.6086800784	0.07119651095
230	0.2652868101	0.1096274526	0.6088724365	0.07119651095
235	0.2651242288	0.1101422934	0.6096311492	0.07134658599
240	0.2654869101	0.1111216719	0.609985114	0.07144663602
245	0.2658370852	0.1108605692	0.610413271	0.0717968111
250	0.2661372353	0.1109418598	0.6104476316	0.07184683612
255	0.2663998666	0.1120089211	0.6111068898	0.0721970112
260	0.2664248791	0.1121899839	0.6107213615	0.07194688614
265	0.2666624979	0.1128432272	0.6115134242	0.0721970112
270	0.2669876605	0.1129484187	0.6119573962	0.07244713627
275	0.2671877605	0.1129835751	0.6111822251	0.07229706123
280	0.2676755044	0.1143355011	0.6130692066	0.07279731135
285	0.2677005169	0.1139746262	0.6124675169	0.07274728634
290	0.2677880607	0.1141083042	0.6127498009	0.07279731135
295	0.2682632983	0.1147304208	0.6147135116	0.07309746143
300	0.2684133734	0.1150376577	0.6153866504	0.07349766153
305	0.2684383859	0.1158431994	0.6160286381	0.07364773657
310	0.2684008671	0.1157420377	0.6153981613	0.07359771155
315	0.2685759546	0.1167300317	0.6162596852	0.07359771155
320	0.2688761047	0.1175209827	0.6168111514	0.0737978116
325	0.2689761547	0.1169402757	0.6167694639	0.0737978116
330	0.2692387861	0.1178678228	0.6169137668	0.07389786163
335	0.2693888611	0.1176006059	0.6170134378	0.07384783662
340	0.2695889611	0.117980518	0.6181153777	0.07409796168
345	0.2697640487	0.1183223556	0.6179472381	0.07424803672
350	0.269976655	0.1185724807	0.6177435648	0.07434808674
355	0.2700391863	0.1189860208	0.6180141671	0.07449816178
360	0.2701517425	0.1198508977	0.6184473383	0.07454818679
365	0.2702267801	0.1199414985	0.6185321029	0.07469826183
370	0.2703518426	0.1207666333	0.618078106	0.07464823682
375	0.2700641988	0.1206519927	0.6182893227	0.07469826183
380	0.2702267801	0.1210428826	0.6188779107	0.07489836188
385	0.2705394364	0.1215297927	0.6192568881	0.0749984119
390	0.2705269301	0.1214339114	0.6198196695	0.07509846193
395	0.2706394864	0.1213755489	0.6202532196	0.07529856198
400	0.2706019677	0.1219194319	0.6198866147	0.07524853697
405	0.2705769551	0.1220754822	0.6197858699	0.07524853697
410	0.270814574	0.1225696181	0.6200429429	0.07529856198
415	0.2710271803	0.1220172586	0.62045287	0.07544863702
420	0.2712397866	0.1226631371	0.6204181304	0.07574878709
425	0.2716149742	0.1230491635	0.6212664984	0.0757988121
430	0.2716399867	0.1228286365	0.6206203419	0.07569876208
435	0.2717400367	0.1229245178	0.6205327982	0.07574878709
440	0.272002668	0.1234043411	0.6211035381	0.07594888714
445	0.2721777555	0.1234449169	0.6216133168	0.07624903722
450	0.2722903118	0.1236744761	0.6215549543	0.0761990122
455	0.2723278306	0.1239437774	0.6222860016	0.07634908724
460	0.2723903618	0.1244165138	0.6222600146	0.07639911225
465	0.2724528931	0.1244765438	0.6227689812	0.07639911225
470	0.2727030182	0.1244056751	0.6233522274	0.07664923732
475	0.2730156745	0.1242872825	0.6242771758	0.07689936238
480	0.2731532433	0.1246815074	0.6253729618	0.07704943742
485	0.2731532433	0.1249333	0.6254936361	0.07719951245
490	0.2734658996	0.1252633261	0.6257558885	0.07734958749
495	0.2737410372	0.1256660275	0.6267027905	0.07759971255
500	0.2737660497	0.1256090545	0.6266402592	0.07759971255
505	0.273878606	0.1259194875	0.6271035861	0.0777998126
510	0.2738660997	0.1262895337	0.6273328674	0.0777998126
515	0.2741662498	0.1264846312	0.6285733867	0.07809996268
520	0.2743163248	0.1268998388	0.6290791951	0.07825003772
525	0.2743038186	0.1273142127	0.6293876827	0.07830006273
530	0.2742162748	0.1276229782	0.6296586515	0.07845013777
535	0.274128731	0.1277665221	0.6291314038	0.07830006273
540	0.2741912623	0.1285071703	0.6300012832	0.07845013777
545	0.2744288811	0.1285916569	0.6310232227	0.07870026283
550	0.2744914124	0.1292986771	0.6317603066	0.07875028784
555	0.2743163248	0.1291070535	0.6303408469	0.07855018779
560	0.2742788061	0.129149019	0.630691022	0.07865023782
565	0.2745539436	0.1291551331	0.6310959864	0.07880031285
570	0.2744288811	0.1294037296	0.6309500801	0.07875028784
575	0.2746414874	0.1299330221	0.6310126113	0.07880031285
580	0.2747290312	0.1298671558	0.6313538534	0.07885033787
585	0.2747290312	0.130246929	0.631645666	0.07895038789
590	0.2749916625	0.1308698794	0.6325211037	0.07905043792
595	0.2750291813	0.1308505642	0.6325336099	0.07895038789
600	0.2751792563	0.1307805292	0.6327378787	0.07910046293
605	0.2752417876	0.1308126285	0.6326933635	0.07905043792
610	0.2752542938	0.1311389028	0.6333186761	0.07920051295
615	0.2753168251	0.1314623979	0.6334020512	0.07925053797
620	0.2753793563	0.1317594909	0.6337325736	0.07935058799
625	0.2756544939	0.1321038297	0.6346284761	0.07955068804
630	0.2756419877	0.1320731199	0.6348369136	0.07965073807
635	0.2755419376	0.1324849925	0.6350776355	0.07960071305
640	0.2754919126	0.1326075538	0.6350179565	0.07950066303
645	0.2756544939	0.1327042688	0.634976269	0.07955068804
650	0.2757170252	0.1327663832	0.6349222166	0.07960071305
655	0.2759421377	0.1329781557	0.6351272063	0.07965073807
660	0.2761297315	0.1331949308	0.6352987206	0.07975078809
665	0.276054694	0.1333750208	0.6355084746	0.07975078809
670	0.276104719	0.133301234	0.6351672325	0.0798008131
675	0.2761422378	0.1334538102	0.63510887	0.07985083812
680	0.2759796565	0.1335225946	0.6350838575	0.0798008131
685	0.2762798066	0.133688233	0.6354604347	0.08000091315
690	0.2764423879	0.1341579123	0.6356688723	0.08005093817
695	0.2765299316	0.1340945473	0.6364359224	0.08020101321
700	0.2765674504	0.1342618531	0.6365192975	0.08025103822
705	0.2766675004	0.1349952754	0.6365961216	0.08040111326
710	0.2767550442	0.1352185815	0.6363849049	0.08055118829
715	0.277042688	0.1354241009	0.6375083021	0.08080131336
720	0.2770176755	0.1352918126	0.6370578604	0.08060121331
725	0.2770551943	0.1353583736	0.637200789	0.08070126333
730	0.2771677505	0.1352998722	0.637475331	0.08080131336
735	0.2772427881	0.135774276	0.6377838186	0.08090136338
740	0.277142738	0.1363901395	0.6373953668	0.08095138839
745	0.277142738	0.1358919738	0.6375621169	0.08095138839
750	0.2771552443	0.135894475	0.6376625459	0.08100141341
755	0.2772427881	0.1369170696	0.6377756977	0.08095138839
760	0.2773803568	0.1369299928	0.6390051003	0.08120151346
765	0.2775679506	0.1369466678	0.6397971629	0.08135158849
770	0.2775929631	0.1371584403	0.6396304129	0.08125153847
775	0.2777305319	0.137937163	0.6394007526	0.08140161351
780	0.2778681007	0.1378601801	0.6401725824	0.08150166353
785	0.2778931132	0.1377178867	0.6404868421	0.08155168854
790	0.2779931632	0.1379213218	0.6403617795	0.08150166353
795	0.2780181758	0.1378492024	0.6402742358	0.08150166353
800	0.2781682508	0.1379003391	0.6405053037	0.08160171356
805	0.2781932633	0.1384596465	0.640370496	0.08150166353
810	0.2783183258	0.1384158746	0.6406946841	0.08165173857
815	0.2781932633	0.1385369073	0.6405988028	0.08150166353
820	0.2784058696	0.1384614529	0.6411121547	0.08160171356
825	0.2784684009	0.1386183369	0.6416749361	0.08170176358
830	0.2784433884	0.1391930688	0.6412461503	0.08170176358
835	0.2784934134	0.1395489411	0.6412461503	0.08165173857
840	0.2785809571	0.1396876216	0.6414828758	0.08185183862
845	0.2786309822	0.139389139	0.6416079383	0.08190186363
850	0.2785809571	0.1395975766	0.6414439675	0.08180181361
855	0.2786434884	0.1395985493	0.6409895736	0.08180181361
860	0.2786434884	0.1397302818	0.6409262483	0.08175178859
865	0.2788060697	0.1399653994	0.640564529	0.08180181361
870	0.278968651	0.1403107109	0.6409911311	0.08200191366
875	0.2790436885	0.1403874159	0.6411578812	0.08210196368
880	0.2790311823	0.1405458285	0.6411342583	0.08205193867
885	0.2791812573	0.140470791	0.6410467145	0.08210196368
890	0.2791312323	0.1406080818	0.6417970897	0.08220201371
895	0.2792312823	0.1405734812	0.6418635759	0.08225203872
900	0.2793563448	0.1407880329	0.6424724273	0.08235208874
905	0.2794313824	0.1413692958	0.6422457114	0.08225203872
910	0.2794814074	0.1415232616	0.6423811958	0.08230206373
915	0.2794814074	0.1416260908	0.6425407307	0.08235208874
920	0.2793688511	0.1418302207	0.6426407808	0.08240211376
925	0.2796064699	0.1415882941	0.6429085914	0.08250216378
930	0.2796690012	0.1420435218	0.6433254665	0.08265223882
935	0.2797440387	0.1423635429	0.6433150447	0.08270226383
940	0.279856595	0.1422843366	0.643288215	0.08275228884
945	0.2797815574	0.1422259741	0.6435130603	0.08265223882
950	0.2798440887	0.1424602579	0.6431694542	0.08275228884
955	0.2800441888	0.1422343116	0.6437593325	0.08300241391
960	0.2801442388	0.1424074537	0.6438585704	0.08305243892
965	0.2801942638	0.1427459563	0.6435727132	0.08295238889
970	0.2801942638	0.1427679117	0.6436727632	0.08300241391
975	0.2802067701	0.1425686454	0.6435727132	0.08295238889
980	0.2803068201	0.1426995442	0.6436727632	0.08300241391
985	0.2805444389	0.1428985326	0.6441309288	0.08320251396
990	0.2806444889	0.1429518926	0.6449229915	0.08335258899
995	0.2806695014	0.1427476238	0.6449678857	0.08325253897
1000	0.2808570952	0.1436111111	0.6456234083	0.08345263902
1005	0.2807695514	0.1436552999	0.6456901083	0.08345263902
1010	0.2807695514	0.1437001834	0.6458119641	0.08355268904
1015	0.2806820077	0.143941971	0.6460833119	0.08345263902
1020	0.2807695514	0.1439992218	0.6461666869	0.08350266403
1025	0.2807195264	0.1442726919	0.6456664368	0.08335258899
1030	0.2807570452	0.1444331888	0.6452944559	0.08335258899
1035	0.2806194764	0.1441285921	0.6460992387	0.08345263902
1040	0.2807695514	0.1442052971	0.6465716971	0.08365273907
1045	0.2807320327	0.1443660719	0.6464049471	0.08360271406
1050	0.280844589	0.144489467	0.6458483917	0.08355268904
1055	0.280894614	0.1445524151	0.6464393466	0.08370276408
1060	0.2809196265	0.1446107776	0.6466210031	0.08375278909
1065	0.2809821577	0.1448075427	0.6467099364	0.08385283912
1070	0.281194764	0.1447408426	0.6469267115	0.08395288914
1075	0.2811572453	0.1448846646	0.6470934615	0.08395288914
1080	0.2812948141	0.1453373909	0.6470267615	0.08400291416
1085	0.2812572953	0.1452056584	0.6471268115	0.08405293917
1090	0.281144739	0.1453724084	0.6468808552	0.08395288914
1095	0.281144739	0.1455349897	0.647251874	0.08410296418
1100	0.2812572953	0.1456296204	0.6473227428	0.08415298919
1105	0.2812823078	0.1455287366	0.6473560928	0.08410296418
1110	0.2814198766	0.1457955367	0.6479743844	0.08435308924
1115	0.2815199266	0.1459742371	0.6481530452	0.08425303922
1120	0.2813948641	0.1460874882	0.6480401099	0.08420301421
1125	0.2813198266	0.1459315769	0.6478733599	0.08415298919
1130	0.2813448391	0.1459368573	0.6478900349	0.08415298919
1135	0.2815324329	0.1461968484	0.6480642978	0.08435308924
1140	0.2817075204	0.1460940192	0.648339484	0.08445313927
1145	0.2817825579	0.1461878161	0.6486441818	0.08455318929
1150	0.2817950642	0.146138347	0.648172734	0.08450316428
1155	0.2819201267	0.1463039853	0.6489443319	0.08455318929
1160	0.281882608	0.1464129287	0.6488154796	0.08450316428
1165	0.282082708	0.1464707354	0.6492073422	0.08465323932
1170	0.2820702018	0.1465096437	0.6492323547	0.08470326433
1175	0.2820702018	0.1467931188	0.6493699235	0.08475328934
1180	0.2820702018	0.1465304875	0.6494699735	0.08480331436
1185	0.2821452393	0.1464457229	0.6494324547	0.08480331436
1190	0.2822077706	0.1464640654	0.6497826298	0.08490336438
1195	0.2823078206	0.1465535546	0.6501042192	0.08500341441
1200	0.2823703518	0.1467519871	0.6503145516	0.08500341441
1205	0.2824829081	0.1471038297	0.6506480517	0.08510346443
1210	0.2825079206	0.1472069368	0.6508233287	0.08510346443
1215	0.2824829081	0.1472815574	0.6498200278	0.08510346443
1220	0.2824328831	0.1472134678	0.6496502314	0.08495338939
1225	0.2824954144	0.1472493191	0.649698551	0.08500341441
1230	0.2825579456	0.1473174087	0.6498241966	0.08515348944
1235	0.2826705019	0.1472554333	0.6500358408	0.08515348944
1240	0.2827080207	0.1473513145	0.6497982095	0.08515348944
1245	0.2826579957	0.1474438608	0.6503244467	0.08520351446
1250	0.2826579957	0.1477515146	0.6496910131	0.08520351446
1255	0.2826955144	0.1477306709	0.6499697239	0.08525353947
1260	0.2826955144	0.1477081596	0.6501197989	0.08525353947
1265	0.2828080707	0.147997471	0.6508034741	0.08540361451
1270	0.2827580457	0.1481233672	0.6510327554	0.08550366453
1275	0.2827580457	0.1480702851	0.6509910679	0.08545363952
1280	0.2825954644	0.148294286	0.6507409428	0.08540361451
1285	0.2827580457	0.1482059085	0.6506784115	0.08535358949
1290	0.2827330332	0.1482792785	0.650570024	0.08530356448
1295	0.282820577	0.1485377411	0.6505283365	0.08530356448
1300	0.2829081207	0.1488934745	0.650469974	0.08525353947
1305	0.282970652	0.1487389528	0.6506909178	0.08535358949
1310	0.2829956645	0.1485688678	0.6501600968	0.08525353947
1315	0.283070702	0.1487898116	0.6503101719	0.08535358949
1320	0.283120727	0.149035351	0.6504519094	0.08545363952
1325	0.2831082208	0.1491695848	0.6502809906	0.08545363952
1330	0.2832332833	0.1492660219	0.650843772	0.08560371456
1335	0.2833458396	0.1492632427	0.6508294486	0.08565373957
1340	0.2833083208	0.1496375966	0.6505071383	0.08560371456
1345	0.2833333333	0.1497290312	0.6507822759	0.08565373957
1350	0.2833958646	0.1497393141	0.6506565186	0.08570376458
1355	0.2834834084	0.1498543716	0.6512609875	0.08585383962
1360	0.2834458896	0.1500241788	0.6511224567	0.08575378959
1365	0.2835084209	0.1499516425	0.6515587859	0.08590386463
1370	0.2834583959	0.1502587405	0.6516691586	0.08600391466
1375	0.2835584459	0.1499441387	0.651368413	0.08595388964
1380	0.2836710022	0.15010005	0.651544096	0.08600391466
1385	0.2836710022	0.1500708688	0.651544096	0.08600391466
1390	0.2836084709	0.1500594742	0.6515024085	0.08595388964
1395	0.2836209772	0.1502520705	0.651377346	0.08590386463
1400	0.2835709521	0.1503321105	0.651193921	0.08580381461
1405	0.2836835084	0.1505505531	0.6512425564	0.08585383962
1410	0.2838460897	0.150837919	0.6518817649	0.08600391466
1415	0.2838210772	0.15096451	0.6524111963	0.08610396468
1420	0.2837460397	0.1510695626	0.6523132306	0.08615398969
1425	0.2837335334	0.1510674782	0.6522632056	0.08610396468
1430	0.2838711022	0.151218248	0.652942712	0.08630406473
1435	0.2838961147	0.1513887499	0.6528176495	0.08625403972
1440	0.2840461898	0.1509999444	0.6521923368	0.08615398969
1445	0.2842462898	0.1514155689	0.653545286	0.08635408974
1450	0.2842713023	0.151291757	0.6532970559	0.08625403972
1455	0.2843213273	0.1516461008	0.6535596872	0.08635408974
1460	0.2843463398	0.1516969596	0.6532678746	0.08640411476
1465	0.2843713523	0.1517116892	0.6532428621	0.08645413977
1470	0.2843463398	0.1516227558	0.6532008106	0.08645413977
1475	0.2844463899	0.1515960758	0.6529576335	0.08640411476
1480	0.2843338336	0.1517703296	0.6528951022	0.08640411476
1485	0.2844463899	0.1521289812	0.6532637059	0.08640411476
1490	0.2845089211	0.152700378	0.6534450465	0.08645413977
1495	0.2846214774	0.1524710967	0.6536951716	0.08660421481
1500	0.2846089712	0.1525639208	0.653755808	0.08655418979
1505	0.2845964649	0.1524986104	0.6538143118	0.08665423982
1510	0.2846214774	0.1529190984	0.653743443	0.08660421481
1515	0.2846715024	0.1528875549	0.6536526925	0.08660421481
1520	0.2846589962	0.1531394864	0.6529898611	0.08650416478
1525	0.2847340337	0.1531978489	0.6529648486	0.08655418979
1530	0.2847465399	0.1529557834	0.6531857924	0.08660421481
1535	0.2848841087	0.1527256684	0.6531681554	0.08660421481
1540	0.2847840587	0.1531589406	0.6531574357	0.08655418979
1545	0.2847965649	0.1531934023	0.6532973867	0.08665423982
1550	0.2848215775	0.1533158246	0.6529708345	0.08655418979
1555	0.2847590462	0.1533450058	0.652845772	0.08650416478
1560	0.2848215775	0.1530848758	0.6530208595	0.08660421481
1565	0.2848841087	0.1532299483	0.6529083032	0.08655418979
1570	0.2849841587	0.1538421989	0.6531374432	0.08665423982
1575	0.2849591462	0.1538171864	0.6529623557	0.08655418979
1580	0.2849591462	0.1537126897	0.653024887	0.08655418979
1585	0.2850341838	0.1539077872	0.653095897	0.08665423982
1590	0.2850091713	0.1542171086	0.6532839451	0.08670426483
1595	0.2850341838	0.1538369185	0.6533341114	0.08675428984
1600	0.2851342338	0.1536618309	0.6537343115	0.08675428984
1605	0.2850091713	0.1539236285	0.6532725421	0.08675428984
1610	0.285096715	0.1537685509	0.6540854486	0.08690436488
1615	0.2852592963	0.1538741593	0.6533799676	0.08680431486
1620	0.2852718026	0.1538441443	0.6535184984	0.08690436488
1625	0.2853718526	0.1539800456	0.6534822961	0.08690436488
1630	0.2853593463	0.1539833806	0.6532562216	0.08685433987
1635	0.2854343839	0.1546014674	0.6532758437	0.08690436488
1640	0.2854593964	0.15480657	0.6529701353	0.08680431486
1645	0.2856094714	0.15494664	0.6535418497	0.08700441491
1650	0.2855594464	0.1549341337	0.6535070419	0.08690436488
1655	0.2855969651	0.1549477517	0.6534283625	0.08685433987
1660	0.2856970152	0.154986799	0.6529991225	0.08685433987
1665	0.2857970652	0.1550764271	0.6535708369	0.08700441491
1670	0.2857595464	0.1548742427	0.6533207118	0.08695438989
1675	0.2856720027	0.154776277	0.6531867163	0.08685433987
1680	0.2856845089	0.1550414096	0.6531536115	0.08685433987
1685	0.2857470402	0.1547187483	0.6535663178	0.08700441491
1690	0.285884609	0.1547979545	0.6536685776	0.08710446493
1695	0.2858595965	0.154706242	0.6544189528	0.08715448994
1700	0.2859971652	0.1547554333	0.6548358279	0.08725453997
1705	0.2861097215	0.1547985104	0.6549052078	0.08730456498
1710	0.2862097716	0.1547987883	0.6550052578	0.08735458999
1715	0.286134734	0.1547571008	0.6549052078	0.08730456498
1720	0.286184759	0.1548379745	0.6548099221	0.08730456498
1725	0.2861222278	0.1548671558	0.6547384578	0.08725453997
1730	0.2861097215	0.1548004558	0.6549052078	0.08730456498
1735	0.286184759	0.1549888833	0.6552267972	0.08740461501
1740	0.2862472903	0.1550783725	0.6550044638	0.08730456498
1745	0.2862472903	0.1550358513	0.6547543387	0.08725453997
1750	0.2863098216	0.1552884776	0.6549474177	0.08735458999
1755	0.2864223779	0.1552134401	0.655009949	0.08740461501
1760	0.2864098716	0.1552217776	0.6550655323	0.08745464002
1765	0.2864598966	0.15518009	0.6549654823	0.08740461501
1770	0.2864974154	0.1552490134	0.6551628212	0.08740461501
1775	0.2864223779	0.1557095214	0.6551628212	0.08740461501
1780	0.2864724029	0.1553979768	0.6555380088	0.08740461501
1785	0.2865599466	0.1556947918	0.6552878838	0.08740461501
1790	0.2866224779	0.1557915069	0.6554841625	0.08755469004
1795	0.2866850092	0.155507476	0.6553590999	0.08750466503
1800	0.2868100717	0.1557684398	0.6555397458	0.08760471506
1805	0.2868976155	0.155824301	0.6555147333	0.08760471506
1810	0.286872603	0.1557739981	0.6549644582	0.08750466503
1815	0.2868976155	0.1559399144	0.6548644081	0.08745464002
1820	0.2868600967	0.1557031293	0.6546142831	0.08740461501
1825	0.286872603	0.1557598244	0.6551145332	0.08745464002
1830	0.287022678	0.1557965094	0.6555314083	0.08765474007
1835	0.2871102218	0.1558948919	0.6552646082	0.08755469004
1840	0.2871102218	0.1558548719	0.6550839624	0.08750466503
1845	0.2871352343	0.1563509533	0.6554341375	0.08755469004
1850	0.2872352843	0.1563206603	0.6554063458	0.08765474007
1855	0.2873478406	0.1563312212	0.6556439646	0.08770476508
1860	0.2872978156	0.1566091379	0.6555605896	0.08760471506
1865	0.2873853593	0.1565049191	0.6553604895	0.08760471506
1870	0.2873478406	0.1567811684	0.6550561707	0.08760471506
1875	0.2873978656	0.1565752321	0.654808611	0.08755469004
1880	0.2873478406	0.1564376633	0.6548846907	0.08750466503
1885	0.2873728531	0.1565844033	0.6550503986	0.08755469004
1890	0.2874103719	0.1565971875	0.6551504486	0.08760471506
1895	0.2874478906	0.1566672225	0.6554005737	0.08765474007
1900	0.2874478906	0.1571382914	0.6549836986	0.08755469004
1905	0.2875729531	0.1570196209	0.6552338236	0.08760471506
1910	0.2875229281	0.1572939247	0.6550221793	0.08760471506
1915	0.2875604469	0.157713579	0.6550436186	0.08760471506
1920	0.2876730032	0.1575507198	0.655845061	0.08780481511
1925	0.2876730032	0.1580413818	0.6551947359	0.08765474007
1930	0.2877105219	0.1579496693	0.6552098949	0.08770476508
1935	0.2876855094	0.1580291535	0.6552098949	0.08770476508
1940	0.2877605469	0.1579621755	0.655343295	0.08780481511
1945	0.2877855594	0.1579429993	0.6554339653	0.08790486513
1950	0.2876855094	0.1580330443	0.6555256778	0.08785484012
1955	0.2877105219	0.1580493024	0.6556684576	0.08790486513
1960	0.2877855594	0.1580088655	0.6554006153	0.08785484012
1965	0.2879231282	0.1585954088	0.6555340153	0.08795489014
1970	0.2879356345	0.1585620588	0.6556034945	0.08795489014
1975	0.288060697	0.1582741371	0.6561057298	0.08805494017
1980	0.2880857095	0.1583458396	0.6563187827	0.08805494017
1985	0.2882733033	0.158124062	0.6563844406	0.08810496518
1990	0.2882107721	0.1585571953	0.6562468718	0.08810496518
1995	0.2882482908	0.1585388528	0.6566720844	0.08825504022
2000	0.2882482908	0.1584521427	0.6565696827	0.08810496518
2005	0.2882232783	0.1589277972	0.656290972	0.08805494017
2010	0.2882357846	0.1584734034	0.6561909219	0.08800491516
2015	0.2882357846	0.1586679451	0.6562284407	0.08800491516
2020	0.2882482908	0.1584650659	0.6565170465	0.08810496518
2025	0.2881982658	0.1586074982	0.6561551898	0.08795489014
2030	0.2883983658	0.1584237952	0.6566929587	0.08805494017
2035	0.2883483408	0.1586939303	0.6564229519	0.08800491516
2040	0.2883608471	0.158698099	0.6565678961	0.08805494017
2045	0.2884608971	0.158564838	0.6568658806	0.08815499019
2050	0.2885734534	0.158631538	0.6572799766	0.08840511526
2055	0.2885609471	0.1589888	0.6572924828	0.08830506523
2060	0.2885609471	0.1589429437	0.6571826877	0.08825504022
2065	0.2885859596	0.1593204936	0.6573792145	0.08835509024
2070	0.2886985159	0.1591170585	0.6573889596	0.08835509024
2075	0.2886609972	0.159025346	0.6574514909	0.08840511526
2080	0.2887235284	0.1590295148	0.6575902327	0.08845514027
2085	0.2887360347	0.1589690679	0.6577976957	0.08850516528
2090	0.288948641	0.1592008504	0.6576547671	0.08855519029
2095	0.288898616	0.1591983492	0.6575833028	0.08850516528
2100	0.2887110222	0.159352593	0.6571872715	0.08835509024
2105	0.2886985159	0.1592900617	0.6569121339	0.08830506523
2110	0.2887610472	0.1596591351	0.6568565506	0.08825504022
2115	0.2887610472	0.1596216164	0.6570691569	0.08830506523
2120	0.2888360847	0.1597550164	0.6571900507	0.08840511526
2125	0.2888861097	0.159682758	0.6573568007	0.08845514027
2130	0.2889861597	0.1598953643	0.6573742697	0.08845514027
2135	0.2890611973	0.1600220944	0.6573242447	0.08845514027
2140	0.2890862098	0.1600290423	0.6573980912	0.08850516528
2145	0.2891362348	0.1601115836	0.6582902039	0.08865524032
2150	0.2891112223	0.1607783058	0.6584772022	0.08875529034
2155	0.2891737535	0.1607427325	0.6588523898	0.08885534037
2160	0.2892738036	0.160781085	0.6588273773	0.08885534037
2165	0.2892112723	0.160821105	0.6589792389	0.08890536538
2170	0.2893238286	0.1609734034	0.6590507032	0.08895539039
2175	0.2893488411	0.1610309321	0.659014971	0.08895539039
2180	0.2894739036	0.1612791118	0.6591127643	0.08905544042
2185	0.2893613473	0.1610331555	0.6589269571	0.08890536538
2190	0.2894488911	0.1612966205	0.6592187697	0.08900541541
2195	0.2894113724	0.1614325218	0.6589972303	0.08895539039
2200	0.2893488411	0.1614522539	0.6589105073	0.08895539039
2205	0.2893238286	0.1615614752	0.6589105073	0.08895539039
2210	0.2894363849	0.1616310933	0.6591872024	0.08910546543
2215	0.2895489411	0.1615097827	0.6592112529	0.08910546543
2220	0.2894488911	0.1616798677	0.6592112529	0.08910546543
2225	0.2893613473	0.1618874715	0.6592497337	0.08915549044
2230	0.2894488911	0.1619566728	0.6592497337	0.08915549044
2235	0.2896614974	0.1619850203	0.6593628855	0.08925554047
2240	0.2896114724	0.1621034128	0.6596130105	0.08930556548
2245	0.2894864099	0.161939164	0.659571323	0.08925554047
2250	0.2895114224	0.161922489	0.6594998587	0.08920551546
2255	0.2896364849	0.1618074315	0.6597916713	0.08930556548
2260	0.2896990162	0.1618908065	0.6600298857	0.08940561551
2265	0.2896865099	0.1621034128	0.6600298857	0.08940561551
2270	0.2896990162	0.1620167028	0.6600277201	0.08945564052
2275	0.2895989661	0.1617960369	0.6601110951	0.08950566553
2280	0.2895239286	0.1622415374	0.6598252379	0.08940561551
2285	0.2896114724	0.1622231949	0.6603671755	0.08955569054
2290	0.289836585	0.1622682174	0.6608340756	0.08965574057
2295	0.2898741037	0.1621456562	0.660954225	0.08970576558
2300	0.2899116225	0.162429965	0.6608698078	0.08970576558
2305	0.2899116225	0.1629052026	0.6609698578	0.08975579059
2310	0.2899116225	0.1626759213	0.6606196827	0.08965574057
2315	0.290036685	0.1629135401	0.6609159093	0.08980581561
2320	0.2900616975	0.1630344339	0.6608158592	0.08975579059
2325	0.2900241788	0.1631661664	0.6610730054	0.08980581561
2330	0.2900992163	0.1631720027	0.6610730054	0.08980581561
2335	0.2899116225	0.1632978989	0.6610229803	0.08975579059
2340	0.2899616475	0.1634087877	0.6609812928	0.08975579059
2345	0.2900616975	0.1633862765	0.6608562303	0.08970576558
2350	0.2900491913	0.163571369	0.660868141	0.08970576558
2355	0.2900116725	0.1634237952	0.660968191	0.08975579059
2360	0.2900116725	0.1632656606	0.6610104741	0.08980581561
2365	0.2900616975	0.163638347	0.6610563303	0.08985584062
2370	0.29008671	0.1640410483	0.6614051159	0.08990586563
2375	0.2900241788	0.1640132566	0.6611549908	0.08985584062
2380	0.2900116725	0.1639882441	0.6609048657	0.08980581561
2385	0.2902367851	0.1637859207	0.661208589	0.08985584062
2390	0.2902993163	0.1639876883	0.661100797	0.08990586563
2395	0.2903868601	0.164339253	0.6610090845	0.08995589064
2400	0.2903493413	0.1641919571	0.661134147	0.09000591566
2405	0.2903618476	0.1642836696	0.6611758345	0.09000591566
2410	0.2904618976	0.1643712134	0.6612758846	0.09005594067
2415	0.2904744039	0.1644078984	0.6613509221	0.09005594067
2420	0.2904368851	0.1643703796	0.6613509221	0.09005594067
2425	0.2904243789	0.1648468679	0.661017422	0.08995589064
2430	0.2903618476	0.1650227892	0.6607923094	0.08985584062
2435	0.2903493413	0.1649956923	0.660917372	0.08990586563
2440	0.2904243789	0.1652258073	0.6607228303	0.08990586563
2445	0.2904118726	0.1652412317	0.6609312678	0.08995589064
2450	0.2904493914	0.1652879217	0.6608965282	0.08990586563
2455	0.2906870102	0.1655647268	0.6616659009	0.09015599069
2460	0.2905994664	0.1657339781	0.6616431622	0.09010596568
2465	0.2906995164	0.1655344339	0.6617265372	0.09015599069
2470	0.2907370352	0.1657712189	0.6618932873	0.09020601571
2475	0.2907495414	0.1656172531	0.6619317681	0.09025604072
2480	0.2906995164	0.1657261964	0.6613930372	0.09005594067
2485	0.2907370352	0.1657206381	0.6614244021	0.09005594067
2490	0.2908495915	0.1658640431	0.6616050479	0.09015599069
2495	0.2908871102	0.1662357568	0.6612220281	0.09000591566
2500	0.2909371352	0.1663157968	0.6615911521	0.09010596568
2505	0.2909121227	0.1664736535	0.6615911521	0.09010596568
2510	0.2908495915	0.1663724918	0.6614244021	0.09005594067
2515	0.2909621477	0.1664433606	0.661257652	0.09000591566
2520	0.2909496415	0.1666809794	0.661074227	0.08995589064
2525	0.2911122228	0.1665448002	0.6613493645	0.09010596568
2530	0.2910621978	0.1664747652	0.6609741769	0.09000591566
2535	0.2910121728	0.1664347452	0.661374377	0.09005594067
2540	0.2910496915	0.1665239564	0.6612493145	0.09005594067
2545	0.291124729	0.1665278473	0.6614971657	0.09020601571
2550	0.2911497415	0.166895809	0.6618496147	0.09025604072
2555	0.2911497415	0.1669052582	0.6617495646	0.09025604072
2560	0.2911997665	0.166919154	0.6613955998	0.09020601571
2565	0.2912748041	0.1669541715	0.6617536071	0.09030606573
2570	0.2912998166	0.1670784003	0.6616341806	0.09030606573
2575	0.2913873603	0.1671150853	0.661861567	0.09035609074
2580	0.2914248791	0.1673474237	0.6620866796	0.09035609074
2585	0.2914874104	0.1673849425	0.6622900641	0.09050616578
2590	0.2914749041	0.1673624312	0.6621005754	0.09040611576
2595	0.2914623979	0.1674749875	0.6620816265	0.09045614077
2600	0.2915999666	0.1679043689	0.6623365159	0.09060621581
2605	0.2916374854	0.1679168751	0.6623782034	0.09060621581
2610	0.2916249792	0.1679827414	0.662239245	0.09050616578
2615	0.2915749541	0.1680077539	0.6621947784	0.09050616578
2620	0.2917375354	0.1680655606	0.6623920992	0.09060621581
2625	0.2918751042	0.1680738981	0.6627255993	0.09075629084
2630	0.2918250792	0.1681239231	0.6628506619	0.09080631586
2635	0.2918500917	0.1682064643	0.6628387511	0.09080631586
2640	0.2918250792	0.1683398644	0.6625421743	0.09065624082
2645	0.2919751542	0.1678007059	0.6626255493	0.09070626583
2650	0.292112723	0.1678023734	0.6621753242	0.09070626583
2655	0.292062698	0.168017481	0.6625254993	0.09080631586
2660	0.2920251793	0.1682788617	0.6624004367	0.09075629084
2665	0.2921252293	0.1683839142	0.6625254993	0.09080631586
2670	0.2920251793	0.1685851259	0.6624969136	0.09080631586
2675	0.2922127731	0.1685250959	0.6625969636	0.09085634087
2680	0.2922002668	0.1687104663	0.6628086079	0.09085634087
2685	0.292112723	0.1689261297	0.6627348868	0.09085634087
2690	0.2922377856	0.1686621088	0.6626800975	0.09085634087
2695	0.2921877605	0.1689447502	0.6626537685	0.09080631586
2700	0.2921877605	0.1688947251	0.6624870185	0.09075629084
2705	0.2922878106	0.1689636485	0.6624870185	0.09075629084
2710	0.2922502918	0.1687646601	0.6625133475	0.09080631586
2715	0.2923378356	0.1687521539	0.6623882849	0.09075629084
2720	0.2923378356	0.1687304763	0.6625048846	0.09080631586
2725	0.2924503919	0.1686971263	0.6626684279	0.09090636588
2730	0.2924003669	0.1687763326	0.6626299471	0.09085634087
2735	0.2924378856	0.1688922239	0.6627966971	0.09085634087
2740	0.2924003669	0.1689922739	0.6626299471	0.09080631586
2745	0.2924003669	0.1689005614	0.6627808162	0.09085634087
2750	0.2923878606	0.1689630927	0.6626525469	0.09085634087
2755	0.2925129231	0.1692515702	0.6626948175	0.09100641591
2760	0.2926379857	0.1687785559	0.6629830568	0.09110646593
2765	0.2926129732	0.168891946	0.6634378297	0.09110646593
2770	0.2925629481	0.1693293869	0.6629733117	0.09110646593
2775	0.2925754544	0.1690058918	0.6629830568	0.09110646593
2780	0.2926004669	0.1690350731	0.6629830568	0.09110646593
2785	0.2925254294	0.1690103385	0.663483307	0.09115649094
2790	0.2926504919	0.1689436385	0.6632581944	0.09110646593
2795	0.2927005169	0.1693671836	0.6638584946	0.09120651596
2800	0.2928130732	0.1690778723	0.6640479832	0.09130656598
2805	0.2928380857	0.1691205325	0.6641480333	0.09135659099
2810	0.292900617	0.1692052971	0.6642920447	0.09135659099
2815	0.292800567	0.1695877105	0.6639585446	0.09140661601
2820	0.292800567	0.169506003	0.6633749194	0.09135659099
2825	0.2928881107	0.1692875604	0.6633606266	0.09140661601
2830	0.2929881607	0.1692264188	0.6643253947	0.09155669104
2835	0.2929881607	0.1692147463	0.6640585946	0.09145664102
2840	0.292900617	0.1694865488	0.6641026643	0.09140661601
2845	0.2929631482	0.1694448613	0.6641360143	0.09140661601
2850	0.2930381858	0.1692197488	0.6646603149	0.09145664102
2855	0.2930882108	0.1694048413	0.6647436899	0.09150666603
2860	0.2930256795	0.16924893	0.6642434398	0.09145664102
2865	0.293050692	0.1695674226	0.6642068955	0.09140661601
2870	0.2931632483	0.1696558001	0.6641523228	0.09140661601
2875	0.2932132733	0.1698350564	0.6643816041	0.09155669104
2880	0.2932883108	0.1700943527	0.6645483541	0.09155669104
2885	0.2934633984	0.1701618865	0.6647567917	0.09165674107
2890	0.2933258296	0.1700218165	0.6647151042	0.09160671606
2895	0.2933258296	0.1699384414	0.6643149041	0.09160671606
2900	0.2934508921	0.1701076927	0.6643399166	0.09160671606
2905	0.2933758546	0.1700509977	0.6648818542	0.09165674107
2910	0.2934633984	0.1701051915	0.6651069668	0.09180681611
2915	0.2934508921	0.1700843477	0.6648151542	0.09165674107
2920	0.2934633984	0.1701143627	0.6649152042	0.09170676608
2925	0.2935759546	0.170096854	0.6649152042	0.09175679109
2930	0.2935384359	0.170310294	0.6649152042	0.09175679109
2935	0.2935884609	0.1704503641	0.6649152042	0.09175679109
2940	0.2936259797	0.1704395253	0.6649985793	0.09175679109
2945	0.2936509922	0.1704307709	0.6649152042	0.09170676608
2950	0.2936760047	0.1703082097	0.6651875626	0.09185684112
2955	0.293888611	0.1702823634	0.6652090019	0.09190686613
2960	0.2937260297	0.1705716747	0.6653042877	0.09185684112
2965	0.2937260297	0.1705616697	0.6652256769	0.09185684112
2970	0.2937885609	0.1706658885	0.6654674645	0.09195689114
2975	0.2937885609	0.1705658385	0.6654674645	0.09195689114
2980	0.2937885609	0.1705162303	0.6657711878	0.09210696618
2985	0.2938010672	0.1706446279	0.6657295003	0.09205694117
2990	0.2938761047	0.1706304541	0.6656794753	0.09200691616
2995	0.2937885609	0.1705787616	0.6654376877	0.09195689114
3000	0.2937135234	0.1705158135	0.6654376877	0.09195689114
3005	0.2937760547	0.1706121116	0.6654376877	0.09195689114
3010	0.2937385359	0.1705379078	0.6652923769	0.09195689114
3015	0.2938635985	0.1705833472	0.6653007144	0.09195689114
3020	0.293938636	0.1705183147	0.6654070176	0.09200691616
3025	0.2940011673	0.1705566672	0.6659072677	0.09205694117
3030	0.2940762048	0.170397143	0.6660823553	0.09215699119
3035	0.2941262298	0.1704680118	0.6660823553	0.09215699119
3040	0.2941512423	0.170363793	0.6661269408	0.09225704122
3045	0.2942637986	0.1704555055	0.6664145847	0.09240711626
3050	0.2943013173	0.1708554277	0.6664145847	0.09240711626
3055	0.2943763548	0.1706517147	0.6669982098	0.09250716628
3060	0.2943263298	0.1707371741	0.6668595187	0.09240711626
3065	0.2945014174	0.1706906231	0.6668907843	0.09245714127
3070	0.2944013674	0.1708851648	0.6670006877	0.09245714127
3075	0.2944138736	0.1708259685	0.6673910344	0.09250716628
3080	0.2944638986	0.1707915069	0.6675401474	0.09255719129
3085	0.2944889111	0.1707150798	0.6677036908	0.09260721631
3090	0.2945264299	0.1709729865	0.6676620032	0.09265724132
3095	0.2944764049	0.1709796565	0.6671617531	0.09260721631
3100	0.2946264799	0.1709588127	0.668023295	0.09280731636
3105	0.2946765049	0.1710710911	0.6677731699	0.09275729134
3110	0.2946014674	0.1714129287	0.6677453783	0.09270726633
3115	0.2946514924	0.1714708743	0.6677402475	0.09270726633
3120	0.2946890112	0.1715067256	0.6676902225	0.09265724132
3125	0.2945889611	0.1714366906	0.6669565223	0.09250716628
3130	0.2947015174	0.171098188	0.6670565723	0.09255719129
3135	0.2947890612	0.1716192819	0.6675012391	0.09270726633
3140	0.2946765049	0.1714516981	0.6671719078	0.09255719129
3145	0.2947265299	0.1718635707	0.6671719078	0.09255719129
3150	0.2948140737	0.1718085432	0.6678180642	0.09270726633
3155	0.29482658	0.1718769107	0.6677346892	0.09265724132
3160	0.294876605	0.1715580012	0.668005658	0.09270726633
3165	0.2949891612	0.1718264688	0.6685392581	0.09280731636
3170	0.2949516425	0.1718448113	0.6688143957	0.09295739139
3175	0.29502668	0.1721616364	0.6687143457	0.09290736638
3180	0.29502668	0.1722575176	0.6688394082	0.09295739139
3185	0.2950391863	0.1724034239	0.6688394082	0.09295739139
3190	0.2951392363	0.1722247235	0.6688081426	0.09290736638
3195	0.29512673	0.1719120671	0.6684079425	0.09290736638
3200	0.2950516925	0.1719112334	0.6683579174	0.09285734137
3205	0.2950892113	0.17237994	0.6685885883	0.09300741641
3210	0.2950641988	0.17245998	0.6684079425	0.09290736638
3215	0.2952142738	0.1721869268	0.6684079425	0.09290736638
3220	0.2952142738	0.1724795731	0.668533005	0.09295739139
3225	0.2951642488	0.1723357512	0.6684079425	0.09290736638
3230	0.2952142738	0.1723353343	0.6685079925	0.09295739139
3235	0.2953768551	0.1726845367	0.6685260571	0.09300741641
3240	0.2953643488	0.1730077539	0.6686094321	0.09305744142
3245	0.2953893613	0.17242663	0.6686094321	0.09305744142
3250	0.2954518926	0.1728418376	0.6687344946	0.09310746643
3255	0.2955144239	0.1725519704	0.6689596072	0.09315749144
3260	0.2955769551	0.1726453505	0.6689345947	0.09320751646
3265	0.2957395364	0.1730697293	0.6699231842	0.09340761651
3270	0.2957145239	0.172967178	0.669222834	0.09330756648
3275	0.2956770052	0.1733361125	0.669222834	0.09330756648
3280	0.2957395364	0.17325107	0.6693276483	0.09335759149
3285	0.2957145239	0.1734119838	0.669256184	0.09330756648
3290	0.2958270802	0.1736093047	0.669006059	0.09325754147
3295	0.2958771052	0.173674893	0.669006059	0.09325754147
3300	0.2959021177	0.173735062	0.669289534	0.09335759149
3305	0.2958270802	0.173821633	0.669039409	0.09330756648
3310	0.295814574	0.1735335723	0.669039409	0.09330756648
3315	0.2957895614	0.1735558057	0.669039409	0.09330756648
3320	0.2959021177	0.173347785	0.669322884	0.09340761651
3325	0.295914624	0.1730498583	0.669239509	0.09340761651
3330	0.2960772053	0.173050692	0.6697272529	0.09355769154
3335	0.296114724	0.1729923295	0.6698773279	0.09355769154
3340	0.2961397365	0.173100717	0.6697522654	0.09355769154
3345	0.2961897615	0.1732146629	0.6700023905	0.09360771656
3350	0.2961272303	0.1732480129	0.6700023905	0.09360771656
3355	0.296164749	0.1732513479	0.6700023905	0.09360771656
3360	0.296164749	0.1732524596	0.6700023905	0.09360771656
3365	0.2962522928	0.17327108	0.6700023905	0.09360771656
3370	0.2962898116	0.1735753988	0.6700738548	0.09365774157
3375	0.2962773053	0.1733231894	0.6703239798	0.09370776658
3380	0.2963273303	0.1733204102	0.6703239798	0.09370776658
3385	0.2962773053	0.1733501473	0.6702739548	0.09365774157
3390	0.2963398366	0.173020816	0.6702360571	0.09365774157
3395	0.2963523428	0.1732320327	0.6703527821	0.09370776658
3400	0.2963273303	0.1736355678	0.670019282	0.09360771656
3405	0.2963773553	0.1736730865	0.6703527821	0.09370776658
3410	0.2964648991	0.1737731366	0.6703527821	0.09370776658
3415	0.2965274304	0.173648352	0.6704528321	0.09375779159
3420	0.2965024179	0.1737031016	0.6703194321	0.09370776658
3425	0.2964273804	0.1736230615	0.6702694071	0.09365774157
3430	0.2964273804	0.1736444611	0.6702485633	0.09365774157
3435	0.2964648991	0.1736644711	0.6702485633	0.09365774157
3440	0.2964648991	0.1735402423	0.6702485633	0.09365774157
3445	0.2965399366	0.173297621	0.6704153134	0.09370776658
3450	0.2966399867	0.1736444611	0.6705987384	0.09380781661
3455	0.2965649491	0.1738445612	0.6706404259	0.09380781661
3460	0.2965274304	0.1738608193	0.6706404259	0.09380781661
3465	0.2964774054	0.173844978	0.670723801	0.09385784162
3470	0.2966149742	0.1734231004	0.6703736259	0.09375779159
3475	0.2965649491	0.1733154077	0.6702902508	0.09375779159
3480	0.2965899616	0.1735325996	0.6701401758	0.09375779159
3485	0.2966775054	0.1737310322	0.6705570509	0.09385784162
3490	0.2967150242	0.1738123228	0.6711740261	0.09395789164
3495	0.2967150242	0.1735559446	0.6712740761	0.09400791666
3500	0.2967150242	0.1735142571	0.6711323386	0.09395789164
3505	0.2966775054	0.1736443222	0.6712574011	0.09395789164
3510	0.2966775054	0.1735976321	0.671007276	0.09390786663
3515	0.2966649992	0.1738644322	0.6718827137	0.09405794167
3520	0.2966775054	0.1740689789	0.6712931332	0.09400791666
3525	0.2967400367	0.1737738314	0.6712931332	0.09400791666
3530	0.2967775554	0.1738783281	0.6712931332	0.09400791666
3535	0.296802568	0.1739555889	0.6713556645	0.09405794167
3540	0.2968275805	0.1739494747	0.6711055394	0.09400791666
3545	0.2969401367	0.173971986	0.6712055895	0.09405794167
3550	0.296952643	0.1741858429	0.6713723395	0.09410796668
3555	0.296902618	0.1741366517	0.6711222144	0.09405794167
3560	0.2969901617	0.1740699516	0.6720893647	0.09410796668
3565	0.2969776555	0.1741641654	0.671908024	0.09410796668
3570	0.2970651993	0.1742769996	0.6721045509	0.09420801671
3575	0.2970651993	0.1743403646	0.6722522438	0.09420801671
3580	0.2970401868	0.1744821022	0.6722165116	0.09420801671
3585	0.2971402368	0.1743612084	0.6722273395	0.09425804172
3590	0.2971902618	0.1746043855	0.6723107145	0.09430806673
3595	0.2971777555	0.1744234617	0.6723107145	0.09430806673
3600	0.2970902118	0.1746752543	0.6722273395	0.09425804172
3605	0.2971277305	0.175310572	0.6724893753	0.09430806673
3610	0.2970651993	0.1752327553	0.6724893753	0.09430806673
3615	0.2970651993	0.1751349286	0.6724893753	0.09430806673
3620	0.2972652993	0.1748281085	0.6727395004	0.09435809174
3625	0.2972652993	0.174876466	0.6727395004	0.09435809174
3630	0.2973278306	0.1752158023	0.6727395004	0.09435809174
3635	0.2973653493	0.1748817464	0.6727395004	0.09435809174
3640	0.2974153744	0.1747928131	0.6732397505	0.09440811676
3645	0.2974278806	0.1749945806	0.6727395004	0.09435809174
3650	0.2974153744	0.175183564	0.6729896254	0.09435809174
3655	0.2974403869	0.1751885665	0.673364813	0.09435809174
3660	0.2973653493	0.1752130232	0.673081338	0.09430806673
3665	0.2974653994	0.1752152465	0.6731438692	0.09435809174
3670	0.2975654494	0.1752852815	0.6740943445	0.09455819179
3675	0.2975154244	0.1753077928	0.6739275944	0.09450816678
3680	0.2975779556	0.1752160803	0.6739275944	0.09450816678
3685	0.2975029181	0.175293619	0.6736441193	0.09440811676
3690	0.2975529431	0.1754203491	0.6739275944	0.09450816678
3695	0.2975154244	0.1755782058	0.6739275944	0.09450816678
3700	0.2976154744	0.1757221666	0.6739901257	0.09450816678
3705	0.2976529932	0.1755804291	0.6746863071	0.09460821681
3710	0.2976529932	0.1754553666	0.6746863071	0.09460821681
3715	0.2977030182	0.1756087766	0.6747363321	0.09465824182
3720	0.2977030182	0.1757855317	0.6749953902	0.09470826683
3725	0.2976780057	0.1758469513	0.6749572759	0.09470826683
3730	0.2976905119	0.1756285087	0.6749239259	0.09465824182
3735	0.2977030182	0.1757760825	0.6750823385	0.09470826683
3740	0.2977530432	0.1756385137	0.6751657135	0.09475829184
3745	0.2978280807	0.1756468512	0.6753622403	0.09485834187
3750	0.2976529932	0.1756401812	0.6750787652	0.09475829184
3755	0.2976529932	0.1756613029	0.6749537027	0.09470826683
3760	0.2977655494	0.1758319437	0.6748619902	0.09480831686
3765	0.2977405369	0.1759795175	0.6748369777	0.09480831686
3770	0.2977780557	0.1758627925	0.6746118651	0.09475829184
3775	0.2979031182	0.175934495	0.6749620402	0.09485834187
3780	0.297840587	0.1759973042	0.6752621903	0.09495839189
3785	0.297940637	0.1759728475	0.6752621903	0.09495839189
3790	0.2978530932	0.175834445	0.6750871027	0.09485834187
3795	0.2979281307	0.1758605692	0.6753872528	0.09490836688
3800	0.2979656495	0.1758914179	0.6758374779	0.09495839189
3805	0.2980281808	0.1759439442	0.6758875029	0.09500841691
3810	0.298040687	0.1757246679	0.676054253	0.09505844192
3815	0.297990662	0.1759647879	0.6758875029	0.09500841691
3820	0.2980156745	0.1757649658	0.676054253	0.09505844192
3825	0.2980281808	0.17591782	0.676054253	0.09505844192
3830	0.2980531933	0.175701045	0.6760855186	0.09510846693
3835	0.298040687	0.1761685009	0.6760855186	0.09510846693
3840	0.2980531933	0.1760220388	0.6760855186	0.09510846693
3845	0.2980531933	0.1761187538	0.6761605561	0.09510846693
3850	0.298140737	0.1761671113	0.6761605561	0.09510846693
3855	0.2981657495	0.1761212551	0.676004228	0.09500841691
3860	0.2983033183	0.1761879551	0.6759291904	0.09505844192
3865	0.2983408371	0.1761479351	0.6764607062	0.09515849194
3870	0.2982908121	0.1762671614	0.6764607062	0.09515849194
3875	0.2982282808	0.1761974043	0.6762105811	0.09510846693
3880	0.2983283308	0.1761823968	0.6762105811	0.09510846693
3885	0.2983658496	0.176284948	0.6757728623	0.09510846693
3890	0.2985034184	0.1760640042	0.6764356937	0.09525854197
3895	0.2984408871	0.1762113001	0.6766441313	0.09535859199
3900	0.2985284309	0.1761698905	0.6766441313	0.09535859199
3905	0.2984033684	0.1762379801	0.6765440812	0.09530856698
3910	0.2985534434	0.1763588739	0.676731675	0.09530856698
3915	0.2985034184	0.1764005614	0.676731675	0.09530856698
3920	0.2985534434	0.1763355289	0.6770443314	0.09540861701
3925	0.2986534934	0.1763355289	0.6770943564	0.09545864202
3930	0.2986785059	0.1763905564	0.6770943564	0.09545864202
3935	0.2984283809	0.1765528598	0.6767817	0.09535859199
3940	0.2985784559	0.1767362848	0.6768531643	0.09540861701
3945	0.2985659496	0.1767640765	0.6767817	0.09535859199
3950	0.2987285309	0.1767051581	0.6770199144	0.09545864202
3955	0.2987535434	0.1768716303	0.6770824456	0.09550866703
3960	0.2988660997	0.1767061308	0.6776202145	0.09570876708
3965	0.298928631	0.1768712134	0.6776202145	0.09570876708
3970	0.298928631	0.1768809405	0.6776202145	0.09570876708
3975	0.2988410872	0.176955978	0.6775201645	0.09565874207
3980	0.2989661497	0.1769968317	0.6775201645	0.09565874207
3985	0.298978656	0.1769854372	0.6775201645	0.09565874207
3990	0.2988911122	0.177009338	0.6775201645	0.09565874207
3995	0.2989661497	0.176969318	0.6772700394	0.09560871706
3999	0.298928631	0.1771110555	0.6773033895	0.09565874207
